name,prompt,negative_prompt,description,category
ACCESSORY_SFW_Bag,"(bag:1.2), handbag, shoulder bag, school bag, backpack, stylish purse",no bag,Bag prop. Combos: OUTFIT_Casual; OUTFIT_School_Uniform; OUTFIT_Business_Suit. Adds realism.,ACCESSORIES
ACCESSORY_SFW_Body_Piercings,"(piercings:1.2), ear piercings, multiple ear piercings, nose ring, industrial piercing, helix piercing, body jewelry, studs and rings","plain ears, no jewelry",Piercings/body jewelry. Combos: OUTFIT_SFW_Streetwear; HAIR_SFW_Undercut; MOOD_SFW_Confident. Adds edge to any archetype.,ACCESSORIES
ACCESSORY_SFW_Crown_Tiara,"(crown:1.3), tiara, royal crown, golden crown, jeweled tiara, diadem, princess crown","commoner, no headpiece",Royal crown. Combos: ARCHETYPE_Demon_Queen; OUTFIT_Evening_Dress; MOOD_Elegant. Universal BODY.,ACCESSORIES
ACCESSORY_SFW_Fantasy_Weapon,"(fantasy weapon:1.3), sword, magic staff, bow and arrow, enchanted blade, battle axe, glowing weapon","no weapons, pacifist, cooking, reading",Fantasy weapon prop. Combos: ARCHETYPE_Warrior; ACTIVITY_Fighting_Pose; MOOD_Fierce. Conflicts: ACTIVITY_Cooking.,ACCESSORIES
ACCESSORY_SFW_Glasses,"(glasses:1.2), eyeglasses, spectacles, thin frame glasses, round glasses, semi-rimless","no glasses, contacts",Glasses accessory. Combos: ARCHETYPE_Office_Lady; ACTIVITY_Reading; MOOD_Mysterious. Universal BODY.,ACCESSORIES
ACCESSORY_SFW_Hat,"(hat:1.2), stylish hat, baseball cap, beret, wide-brim hat, sun hat, fashionable headwear","no hat, bare head",Hat accessory. Combos: OUTFIT_Casual; OUTFIT_Streetwear; SCENE_Beach. Conflicts: ARCHETYPE_Witch (use their specific hat).,ACCESSORIES
ACCESSORY_SFW_Headphones,"(headphones:1.2), over-ear headphones, wireless headphones, music listener, around neck or on ears",no headphones,Headphones. Combos: OUTFIT_Streetwear; ACTIVITY_Gaming; MOOD_Playful. Modern aesthetic.,ACCESSORIES
ACCESSORY_SFW_Jewelry_Elegant,"(elegant jewelry:1.2), necklace, pearl earrings, bracelet, ring, fine jewelry, crystal accessories","no accessories, rough gear",Fine jewelry. Combos: OUTFIT_Evening_Dress; MOOD_Elegant; BODY_Hourglass_Perfect. Conflicts: ARCHETYPE_Warrior.,ACCESSORIES
ACCESSORY_SFW_Katana,"(katana:1.3), japanese sword, sheathed katana, drawn katana, blade, samurai sword, sword at waist","no weapon, magic staff",Katana sword. More specific than Fantasy_Weapon. Combos: ARCHETYPE_SFW_Kunoichi; SCENE_SFW_Japanese_Night; ERA_SFW_Feudal_Japan. Conflicts: ACCESSORY_SFW_Fantasy_Weapon (choose one).,ACCESSORIES
ACCESSORY_SFW_Mask,"(mask:1.2), face mask, kitsune mask, half mask, decorative mask, masquerade mask","bare face, no mask",Mask accessory. Combos: ARCHETYPE_SFW_Kunoichi; ERA_SFW_Victorian; SCENE_SFW_Ballroom.,ACCESSORIES
ACCESSORY_SFW_Respirator,"(respirator mask:1.2), gas mask worn low, cyberpunk respirator, face respirator, techwear mask","bare face, no mask",Cyberpunk/techwear mask. Combos: OUTFIT_SFW_Cyberpunk; SCENE_SFW_Cyberpunk_City; ERA_SFW_Post_Apocalyptic.,ACCESSORIES
ACCESSORY_SFW_Scarf,"(scarf:1.2), cozy scarf, winter scarf, flowing scarf, neck scarf, warm wool scarf","summer, bare neck",Scarf accessory. Combos: SEASON_Winter_Snow; OUTFIT_Winter_Coat; MOOD_Serene. Conflicts: ARCHETYPE_Kunoichi.,ACCESSORIES
ACCESSORY_SFW_Tattoos,"(tattoos:1.2), visible tattoos, arm tattoos, decorated skin, inked, tattoo art on skin","plain skin, no tattoos",Tattoo aesthetic. Combos: OUTFIT_SFW_Streetwear; MOOD_SFW_Confident; BODY_SFW_Muscular_Fit.,ACCESSORIES
ACCESSORY_SFW_Wings,"(large wings:1.3), feathered wings, angel wings, demon wings, dragon wings, spread wings, wings framing figure","no wings, plain back",Wings accessory. Combos: RACE_SFW_Angel; RACE_SFW_Demon_Girl; ACTIVITY_SFW_Gazing_Horizon. Adds strong visual silhouette.,ACCESSORIES
ACTIVITY_SFW_Cooking,"(cooking:1.2), kitchen activity, holding ladle or spatula, apron, mixing bowl, culinary, food preparation","outdoor battle, fantasy",Cooking activity. Combos: ARCHETYPE_Maid; OUTFIT_Casual; SCENE_Kitchen. Conflicts: ACTIVITY_Fighting_Pose.,ACTIVITY
ACTIVITY_SFW_Dancing,"(dancing:1.3), dynamic dance pose, flowing movement, arms raised, hair flowing, mid-dance, graceful motion","static, sitting, sleeping, stiff pose",Dance pose. Combos: ARCHETYPE_Idol; OUTFIT_Evening_Dress; LIGHTING_Neon_Colorful. Conflicts: ACTIVITY_Sitting_Relaxed.,ACTIVITY
ACTIVITY_SFW_Fighting_Pose,"(battle pose:1.3), combat stance, sword raised, dynamic action, mid-battle, weapon in hand, heroic action pose","sitting, relaxed, cooking, reading",Combat action pose. Combos: ARCHETYPE_Warrior; ARCHETYPE_Kunoichi; MOOD_Fierce. Conflicts: ACTIVITY_Sitting_Relaxed.,ACTIVITY
ACTIVITY_SFW_Gaming,"playing video games, (controller in hands:1.2), gamer, focused on screen, headset optional, sitting cross-legged","outdoor, nature, dancing",Gaming activity. Combos: OUTFIT_Casual; MOOD_Playful; SCENE_Bedroom. Conflicts: ACTIVITY_Fighting_Pose.,ACTIVITY
ACTIVITY_SFW_Gazing_Horizon,"looking into the distance, (contemplative pose:1.2), hand shielding eyes, wind in hair, standing at edge, vista view","indoor, sitting still, reading",Cinematic vista gaze. Combos: SCENE_Mountain_Top; LIGHTING_Golden_Hour_Sunset; MOOD_Melancholic. Universal BODY.,ACTIVITY
ACTIVITY_SFW_Magic_Casting,"(magic casting:1.3), spell circle, magical energy, glowing hands, arcane symbols, mystical aura, channeling power","mundane activity, cooking, gaming",Spellcasting. Combos: ARCHETYPE_Witch; ARCHETYPE_Magical_Girl; LIGHTING_Volumetric_Rays. Conflicts: ACTIVITY_Cooking.,ACTIVITY
ACTIVITY_SFW_Painting,"(painting:1.2), artist at easel, paintbrush in hand, canvas, palette, art studio, paint smudges, creating artwork, artist at work","gaming, fighting, cooking",Painting/art activity. Combos: SCENE_SFW_Art_Studio; ARCHETYPE_SFW_Artist; OUTFIT_SFW_Casual with apron.,ACTIVITY
ACTIVITY_SFW_Reading,"reading a book, (book in hands:1.2), sitting with book, open book, studious, glasses optional, cozy reading pose","dancing, fighting, dynamic pose",Reading pose. Combos: OUTFIT_Casual; MOOD_Serene; SCENE_Library; SEASON_Autumn_Leaves. Conflicts: ACTIVITY_Fighting_Pose.,ACTIVITY
ACTIVITY_SFW_Running,"(running:1.3), mid-sprint, dynamic run pose, hair flying back, motion blur implied, energetic, athletic movement","sitting, still, static pose",Running action. Combos: OUTFIT_Sportswear; BODY_Muscular_Fit; SCENE_Forest_Outdoor. Conflicts: ACTIVITY_Sitting_Relaxed.,ACTIVITY
ACTIVITY_SFW_Singing,"(singing:1.3), performing a song, microphone, mouth open singing, eyes closed while singing, musical performance, concert singing, passionate singing","silent, reading, gaming",Singing performance. Combos: ARCHETYPE_SFW_Idol; ARCHETYPE_SFW_Rockstar; SCENE_SFW_Stage_Performance.,ACTIVITY
ACTIVITY_SFW_Sitting_Relaxed,"sitting, (relaxed pose:1.2), comfortable seated position, legs crossed, casual sitting, at ease, resting","dynamic, fighting, dancing, running",Calm seated pose. Combos: MOOD_Serene; OUTFIT_Casual; SCENE_Cafe. Conflicts: ACTIVITY_Fighting_Pose.,ACTIVITY
ACTIVITY_SFW_Sleeping,"(sleeping:1.2), asleep, peaceful sleep, curled up sleeping, eyes closed, resting, cozy sleep, pillow, sleeping soundly","standing, active, running, fighting",Sleeping/resting. Combos: SCENE_SFW_Bedroom; OUTFIT_SFW_Oversized_Hoodie; MOOD_SFW_Serene. Cozy atmosphere.,ACTIVITY
ACTIVITY_SFW_Stretching,"(stretching:1.2), yoga pose, flexible pose, split stretch, reaching forward, limber, warm-up pose, gymnastic","stiff, rigid, sitting still",Stretch / yoga. Combos: OUTFIT_Sportswear; BODY_Muscular_Fit; SCENE_Gym. Conflicts: ACTIVITY_Reading.,ACTIVITY
ACTIVITY_SFW_Swimming,"(swimming:1.2), underwater, swimmer, water splash, floating in water, backstroke, pool, ocean swimming, submerged","indoor dry, desert, winter cold",Swimming activity. Combos: SCENE_SFW_Hot_Spring; LIGHTING_SFW_Underwater; OUTFIT_SFW_Swimwear.,ACTIVITY
ARCHETYPE_SFW_Alchemist,"1girl, alchemist, (alchemist robe:1.2), potion bottles, mortar and pestle, mystical ingredients, alchemy lab, apron, glowing potions, flask","modern, casual, office",Alchemist archetype. Combos: ERA_SFW_Steampunk; SCENE_SFW_Library; LIGHTING_SFW_Candlelight. Conflicts: ARCHETYPE_SFW_Nurse.,ARCHETYPE
ARCHETYPE_SFW_Aristocrat_Noble,"1girl, noblewoman, aristocrat, (ornate gown:1.3), elbow gloves, (noble bearing:1.2), fan in hand, jeweled accessories, powdered wig optional, upper class attire, refined posture","peasant, casual, modern, sporty",Aristocrat noblewoman. Combos: SCENE_SFW_Ballroom; MOOD_SFW_Elegant; OUTFIT_SFW_Evening_Dress; ERA_SFW_Victorian. Conflicts: ARCHETYPE_SFW_Mechanic_Engineer.,ARCHETYPE
ARCHETYPE_SFW_Assassin,"1girl, assassin, (dark hood:1.2), hidden blades, dark cloak, stealth outfit, rogue attire, shadow operative, masked lower face","bright, colorful, casual, maid",Assassin/rogue. Combos: LIGHTING_SFW_Dim_Dark; SCENE_SFW_Rooftop_Night; MOOD_SFW_Mysterious.,ARCHETYPE
ARCHETYPE_SFW_Bunny_Girl,"1girl, bunny ears, bunny girl outfit, leotard, fishnet stockings, bowtie, wrist cuffs, high heels, bunny tail","male, boy, no ears, casual",Bunny girl hostess. Combos: SCENE_Casino_Club; LIGHTING_Neon_Colorful; MOOD_Playful. Conflicts: ARCHETYPE_Warrior.,ARCHETYPE
ARCHETYPE_SFW_Catgirl,"1girl, cat ears, cat tail, nekomimi, (collar:1.2), feline features, cat-like eyes, paws optional, kemonomimi","male, boy, dog ears, wolf ears, no tail",Catgirl. Combos: MOOD_Playful; OUTFIT_Casual; ACTIVITY_Sitting_Relaxed; COMPANION_Cat. Conflicts: ARCHETYPE_Warrior.,ARCHETYPE
ARCHETYPE_SFW_Cheerleader,"1girl, cheerleader, (pom poms:1.2), short cheer skirt, team uniform, athletic top, sports colors, energetic pose","male, boy, dark clothes, nun, warrior",Cheerleader. Combos: ACTIVITY_Dancing; MOOD_Playful; SCENE_Sports_Field. Conflicts: ARCHETYPE_Nun.,ARCHETYPE
ARCHETYPE_SFW_Demon_Queen,"1girl, demon queen, dark crown, (dark armor:1.2), large dark wings, glowing red or purple eyes, imposing presence, dark cape, queen of darkness","male, boy, angel, pastel colors, cute",Dark queen archetype. Combos: SCENE_Throne_Room; LIGHTING_Dramatic_Shadow; MOOD_Confident; BODY_Tall_Elegant. Conflicts: ARCHETYPE_Magical_Girl.,ARCHETYPE
ARCHETYPE_SFW_Detective,"1girl, detective, (detective coat:1.2), magnifying glass, fedora optional, trench coat, investigator, noir detective, badge, sharp eyes","fantasy, armor, bright casual",Detective archetype. Combos: PALETTE_SFW_Monochrome_Noir; LIGHTING_SFW_Dramatic_Shadow; SCENE_SFW_City_Street_Night. Conflicts: ARCHETYPE_SFW_Idol.,ARCHETYPE
ARCHETYPE_SFW_Elf_Ranger,"1girl, elf, pointy ears, ranger outfit, leather armor, bow and arrow, (forest attire:1.2), quiver, hood, elven jewelry","male, boy, round ears, heavy armor, modern clothes",Elf archer/ranger. Combos: SCENE_Forest_Outdoor; LIGHTING_Golden_Hour_Sunset; RACE_Elf_Female. Conflicts: ARCHETYPE_Office_Lady.,ARCHETYPE
ARCHETYPE_SFW_Fairy,"1girl, fairy, (tiny fairy wings:1.3), small size, fairy dust, flower petal dress, magical fairy, glowing wings, nature fairy, pixie","large, human-sized, armor, modern",Fairy archetype. Combos: SCENE_SFW_Forest_Outdoor; ATMOSPHERE_SFW_Magical_Sparkles; SEASON_SFW_Spring_Cherry.,ARCHETYPE
ARCHETYPE_SFW_Fortune_Teller,"1girl, fortune teller, (crystal ball:1.3), mystic veil, tarot cards, mysterious robes, henna, coin jewelry, mystical gaze, tent backdrop","modern, casual, armor",Fortune teller. Combos: MOOD_SFW_Mysterious; LIGHTING_SFW_Candlelight; PALETTE_SFW_Warm_Earth.,ARCHETYPE
ARCHETYPE_SFW_Hacker_Netrunner,"1girl, hacker, netrunner, (glowing neural implants:1.2), holographic displays, wired headset, typing on holographic keyboard, cyberpunk techwear, (data streams:1.1)","fantasy, medieval, casual, no tech",Cyberpunk hacker archetype. Combos: SCENE_SFW_Cyberpunk_City; OUTFIT_SFW_Cyberpunk; LIGHTING_SFW_Neon_Purple_Pink. Conflicts: ARCHETYPE_SFW_Warrior.,ARCHETYPE
ARCHETYPE_SFW_Idol,"1girl, idol, (colorful stage outfit:1.2), microphone, sparkling costume, glitter, bow accessories, cute performer, stage presence","male, boy, dark clothes, gothic, grim",J-pop idol. Combos: LIGHTING_Neon_Colorful; SCENE_Stage_Performance; MOOD_Playful; ACTIVITY_Dancing. Conflicts: ARCHETYPE_Demon_Queen.,ARCHETYPE
ARCHETYPE_SFW_Knight,"1girl, female knight, (plate armor:1.3), sword and shield, paladin, holy knight, armored knight, heroic knight, full plate armor, visor optional","casual, fantasy robe, modern",Knight/paladin. Combos: SCENE_SFW_Fantasy_Ruins; MOOD_SFW_Determined; LIGHTING_SFW_Volumetric_Rays. Conflicts: ARCHETYPE_SFW_Idol.,ARCHETYPE
ARCHETYPE_SFW_Kunoichi,"1girl, kunoichi, female ninja, (ninja outfit:1.2), black ninja garb, mask over lower face, arm guards, kunai, wrapped hands","male, boy, bright colors, maid, casual clothes",Female ninja. Combos: SCENE_Japanese_Night; LIGHTING_Night_Moonlit; BODY_Muscular_Fit; ACTIVITY_Fighting_Pose. Conflicts: ARCHETYPE_Maid.,ARCHETYPE
ARCHETYPE_SFW_Librarian,"1girl, librarian, (cardigan:1.2), books stacked, reading glasses, quiet demeanor, bun hairstyle, surrounded by books, library setting, bookish","fantasy, armor, loud, casual",Librarian archetype. Combos: SCENE_SFW_Library; MOOD_SFW_Mysterious; HAIR_SFW_Messy_Bun; ACCESSORY_SFW_Glasses.,ARCHETYPE
ARCHETYPE_SFW_Magical_Girl,"1girl, magical girl, (frilly costume:1.2), magical wand, transformation outfit, ribbons, stars, sparkles, pastel colors, heart accessories","male, boy, dark colors, grim, realistic",Magical girl / mahou shoujo. Combos: STYLE_Soft_Pastel; MOOD_Playful; LIGHTING_Volumetric_Rays. Conflicts: ARCHETYPE_Demon_Queen.,ARCHETYPE
ARCHETYPE_SFW_Maid,"1girl, maid outfit, frilly maid dress, white apron, maid headdress, black and white uniform, collar, long sleeves","male, boy, dirty, torn clothes, nude",Classic maid archetype. Combos: SCENE_Bedroom; MOOD_Playful; ACTIVITY_Cooking. Conflicts: ARCHETYPE_Kunoichi.,ARCHETYPE
ARCHETYPE_SFW_Mechanic_Engineer,"1girl, mechanic, engineer, (grease stains:1.2), overalls, work gloves, wrench in hand, goggles pushed up, industrial outfit, oil marks, utility belt","fantasy, clean, formal",Mechanic/engineer. Combos: SCENE industrial; MOOD_SFW_Confident; ERA_SFW_Steampunk (steam variant). Conflicts: ARCHETYPE_SFW_Idol.,ARCHETYPE
ARCHETYPE_SFW_Mermaid,"1girl, mermaid, (mermaid tail:1.3), scales, upper body clothed, seashell top, underwater, flowing hair, fin tail, aquatic beauty","legs, standing, land, dry",SFW mermaid. Combos: LIGHTING_SFW_Underwater; WEATHER_SFW_Heavy_Rain; ATMOSPHERE_SFW_Dust_Sunlight (adapt to caustics).,ARCHETYPE
ARCHETYPE_SFW_Nun,"1girl, nun, (religious habit:1.2), black and white habit, rosary, cross necklace, white wimple, modest clothing, church attire","male, boy, colorful clothes, fantasy armor",Nun archetype. Combos: SCENE_Cathedral; LIGHTING_Volumetric_Rays; MOOD_Mysterious. Conflicts: ARCHETYPE_Idol.,ARCHETYPE
ARCHETYPE_SFW_Nurse,"1girl, nurse, (nurse uniform:1.2), nurse cap, medical cross, stethoscope, hospital attire, nurse outfit, caring expression, scrubs optional","fantasy, armor, outdoor, casual",Nurse archetype. Combos: MOOD_SFW_Serene; LIGHTING_SFW_Bright_Clinical. Conflicts: ARCHETYPE_SFW_Warrior.,ARCHETYPE
ARCHETYPE_SFW_Office_Lady,"1girl, office lady, (business suit:1.2), pencil skirt, blazer, dress shirt, professional attire, heels, briefcase","male, boy, casual, fantasy, armor",Corporate professional. Combos: SCENE_Office; MOOD_Confident; BODY_Mature_Woman. Conflicts: ARCHETYPE_Maid.,ARCHETYPE
ARCHETYPE_SFW_Pirate_Captain,"1girl, female pirate captain, (tricorn hat:1.2), pirate coat, cutlass, pirate outfit, naval pirate, bandana, boots, seafaring attire","modern, office, school uniform",Pirate captain. Combos: MOOD_SFW_Confident; ERA_SFW_Victorian; WEATHER_SFW_Heavy_Rain for drama. Conflicts: ARCHETYPE_SFW_Nun.,ARCHETYPE
ARCHETYPE_SFW_Princess,"1girl, princess, (royal gown:1.2), tiara, princess attire, royal dress, elegant princess, castle background optional, graceful royalty","peasant, casual, modern, armor",Classic princess. Combos: SCENE_SFW_Throne_Room; OUTFIT_SFW_Evening_Dress; MOOD_SFW_Elegant. Conflicts: ARCHETYPE_SFW_Kunoichi.,ARCHETYPE
ARCHETYPE_SFW_Samurai,"1girl, female samurai, (samurai armor:1.2), katana, traditional japanese armor, do-maru armor, samurai attire, female warrior Japan","modern, western, casual",Female samurai. Combos: SCENE_SFW_Japanese_Night; ERA_SFW_Feudal_Japan; ACCESSORY_SFW_Katana. Conflicts: ARCHETYPE_SFW_Office_Lady.,ARCHETYPE
ARCHETYPE_SFW_Scientist,"1girl, scientist, (lab coat:1.2), test tubes, laboratory equipment, goggles on head, research equipment, beaker, (science lab:1.1), whiteboard","fantasy, armor, outdoor",Scientist/researcher. Combos: MOOD_SFW_Focused; ACCESSORY_SFW_Glasses; SCENE office/lab. Conflicts: ARCHETYPE_SFW_Warrior.,ARCHETYPE
ARCHETYPE_SFW_Shrine_Maiden,"1girl, miko, shrine maiden, (white haori:1.2), red hakama, ofuda, hair ribbon, traditional japanese clothing, tabi socks","male, boy, modern clothes, western outfit",Japanese miko. Combos: SCENE_Japanese_Night; LIGHTING_Night_Moonlit; MOOD_Mysterious. Conflicts: ARCHETYPE_Nun (similar but distinct).,ARCHETYPE
ARCHETYPE_SFW_Space_Pilot,"1girl, space pilot, (pilot suit:1.2), cockpit, spacesuit, astronaut, futuristic pilot, space academy uniform, helmet under arm, space ship","fantasy, medieval, traditional",Space pilot/astronaut. Combos: ERA_SFW_Retro_Futurism; OUTFIT_SFW_Cyberpunk; LIGHTING_SFW_Screen_Glow.,ARCHETYPE
ARCHETYPE_SFW_Succubus,"1girl, succubus, demon girl, (small horns:1.2), demon wings, spaded tail, dark elegant outfit, otherworldly beauty, glowing eyes","male, boy, angel, halo, bright wings",Succubus / demon girl. SFW variant — fully clothed. Combos: SCENE_Fantasy_Ruins; MOOD_Mysterious; LIGHTING_Neon_Purple_Pink. Conflicts: ARCHETYPE_Magical_Girl.,ARCHETYPE
ARCHETYPE_SFW_Teacher,"1girl, teacher, (formal teacher attire:1.2), pointer stick, glasses, chalkboard, lesson, stern but kind teacher, educator, school teacher","casual, fantasy, armor",Teacher archetype. Combos: SCENE_SFW_School_Classroom; ACCESSORY_SFW_Glasses; MOOD_SFW_Confident.,ARCHETYPE
ARCHETYPE_SFW_Warrior,"1girl, female warrior, (fantasy armor:1.2), pauldrons, gauntlets, sword, shield, battle-worn, heroic stance, cape","male, boy, modern clothes, maid, office worker",Fantasy warrior. Combos: SCENE_Fantasy_Ruins; MOOD_Determined; ACTIVITY_Fighting_Pose; RACE_Elf_Female. Conflicts: ARCHETYPE_Maid.,ARCHETYPE
ARCHETYPE_SFW_Witch,"1girl, witch, (witch hat:1.3), dark robe, spell book, broomstick, magic staff, crescent moon accessories, mysterious cloak","male, boy, no hat, modern clothes",Witch archetype. Combos: SCENE_Forest_Outdoor; LIGHTING_Night_Moonlit; MOOD_Mysterious; ACTIVITY_Magic_Casting. Conflicts: ARCHETYPE_Shrine_Maiden.,ARCHETYPE
ATMOSPHERE_SFW_Breath_Cold_Air,"breath visible in cold air, exhaled breath mist, cold breath cloud, winter breath condensation, freezing cold breath effect","warm, summer, tropical",Visible breath in cold. Combos: SEASON_SFW_Winter_Snow; WEATHER_SFW_Snowstorm; SCENE_SFW_Mountain_Top. Adds cold realism.,ATMOSPHERE
ATMOSPHERE_SFW_Confetti,"(confetti falling:1.3), colorful confetti, celebration confetti, paper confetti shower, festive confetti, party atmosphere, confetti stream","serious, dark, melancholic",Celebration confetti. Combos: ARCHETYPE_SFW_Idol; MOOD_SFW_Excited; SCENE_SFW_Stage_Performance.,ATMOSPHERE
ATMOSPHERE_SFW_Dust_Sunlight,"dust particles in sunlight, light shafts with dust, floating dust motes, sunbeam dust, golden dust particles, indoor sunbeam particles","clean, sterile, outdoor rain",Dust in sunbeams. Combos: LIGHTING_SFW_Volumetric_Rays; SCENE_SFW_Library; SCENE_SFW_Gothic_Castle. Adds depth and atmosphere.,ATMOSPHERE
ATMOSPHERE_SFW_Falling_Petals,"(falling petals:1.3), flower petals in air, drifting petals, scattered petals, wind-blown petals, petal shower, petals falling around character","dusty, mechanical, urban",Falling flower petals. Combos: SEASON_SFW_Spring_Cherry; SCENE_SFW_Japanese_Night; ARCHETYPE_SFW_Shrine_Maiden. Iconic romantic atmosphere.,ATMOSPHERE
ATMOSPHERE_SFW_Fire_Embers,"(floating embers:1.3), fire embers rising, burning sparks in air, glowing ember particles, campfire embers, fire sparks floating upward","rain, water, cold, snow",Fire ember particles. Combos: LIGHTING_SFW_Candlelight; SCENE_SFW_Gothic_Castle; ARCHETYPE_SFW_Warrior; MOOD_SFW_Fierce. Conflicts: WEATHER_SFW_Heavy_Rain.,ATMOSPHERE
ATMOSPHERE_SFW_Fireflies,"(fireflies:1.3), glowing fireflies, bioluminescent insects, firefly lights, summer night fireflies, floating light bugs, warm glow fireflies","urban, indoor, snow, rain",Firefly atmosphere. Combos: SCENE_SFW_Forest_Outdoor; TIME_SFW_Blue_Hour; MOOD_SFW_Dreamy; SEASON_SFW_Summer_Beach.,ATMOSPHERE
ATMOSPHERE_SFW_Magical_Sparkles,"(magical sparkles:1.3), glowing particles, arcane sparkles, floating light orbs, magical dust, glitter particles, enchanted atmosphere, shimmering magic","dark, gritty, industrial, realistic",Magical sparkle particles. Combos: ARCHETYPE_SFW_Magical_Girl; ACTIVITY_SFW_Magic_Casting; LIGHTING_SFW_Volumetric_Rays. Conflicts: PALETTE_SFW_Monochrome_Noir.,ATMOSPHERE
BASE_SFW_Illustrious_Quality,"masterpiece, best quality, very aesthetic, absurdres, newest, (detailed:1.2), (intricate:1.1), BREAK","lowres, (bad anatomy:1.3), (bad hands:1.4), (mutated hands:1.4), (extra fingers:1.5), (fused fingers:1.5), (missing fingers:1.5), text, error, cropped, worst quality, low quality, jpeg artifacts, signature, watermark, blurry, (extra limbs:1.5), (malformed limbs:1.4), (mutation:1.4), (deformed:1.4), nsfw, explicit, nude, naked",Illustrious XL. CFG 6; Euler a; Clip Skip 1-2. Excels at soft aesthetics; expressive eyes; multi-character. Conflicts: do not mix with Pony or NoobAI base.,BASE
BASE_SFW_NoobAI_Quality,"very awa, year 2024, year 2025, newest, source_anime, absurdres, (high resolution:1.1), (intricate details:1.1), BREAK","worst aesthetic, bad aesthetic, lowres, year 2020, year 2021, year 2022, (bad anatomy:1.3), (bad hands:1.4), (extra fingers:1.5), (fused fingers:1.5), (extra limbs:1.5), (malformed limbs:1.4), (bad proportions:1.3), (deformed:1.4), blurry, jpeg artifacts, text, watermark, nsfw, explicit, nude, naked",NoobAI XL V-Pred. CFG 1.5-3.0; Rescale CFG 0.7; Euler (NOT Euler a); SGM Uniform; Clip Skip 1. Excels at skin; lighting; action game renders. Conflicts: do not mix with Pony or Illustrious base.,BASE
BASE_SFW_PonyV6_Quality,"score_9, score_8_up, score_7_up, source_anime, (masterpiece:1.2), (best quality:1.2), absurdres, BREAK","score_4, score_5, score_6, source_cartoon, source_pony, source_furry, 3d, realistic, photorealistic, (bad anatomy:1.3), (bad hands:1.4), (mutated hands:1.4), (extra fingers:1.5), (fused fingers:1.5), (missing fingers:1.5), (extra limbs:1.5), (missing limbs:1.4), (malformed limbs:1.4), (bad proportions:1.3), (mutation:1.4), (deformed:1.4), blurry, jpeg artifacts, text, watermark, nsfw, explicit, nude, naked",Pony Diffusion V6. CFG 7; DPM++ 2M Karras; Clip Skip 2. Combos: any. Conflicts: do not mix with Illustrious or NoobAI base.,BASE
BODY_SFW_Androgynous,"1girl, androgynous, (androgynous features:1.2), gender-ambiguous, soft masculine features, neutral body, slim androgynous figure, boyish feminine","obviously feminine, curvy, busty",Androgynous body type. Combos: HAIR_SFW_Short_Bob; OUTFIT_SFW_Streetwear; MOOD_SFW_Mysterious. Unique character type.,BODY
BODY_SFW_Battle_Scars,"1girl, battle scars, scar on face, warrior scars, healed wound scars, tough survivor look","flawless skin, no marks, pristine",Battle-worn scars. Combos: ARCHETYPE_SFW_Warrior; ARCHETYPE_SFW_Kunoichi; MOOD_SFW_Fierce.,BODY
BODY_SFW_Freckles,"1girl, freckles, freckled skin, natural skin, sun freckles, light freckles across nose and cheeks","perfect skin, flawless, no marks",Natural freckles. Combos: any BODY type; SEASON_SFW_Summer_Beach; HAIR_SFW_Colorful_Dye.,BODY
BODY_SFW_Heterochromia,"1girl, (heterochromia:1.3), different colored eyes, odd eyes, one red eye one blue eye, mismatched eyes","same eye color, normal eyes",Heterochromia eyes. Combos: RACE_SFW_Vampire; ARCHETYPE_SFW_Witch; RACE_SFW_Dragon_Girl.,BODY
BODY_SFW_Hourglass_Perfect,"1girl, hourglass figure, perfect proportions, slim waist, wide hips, long legs, graceful build, toned","deformed body, bad proportions, overweight, chubby, male, boy",Ideal proportions. Combos: OUTFIT_Evening_Dress; MOOD_Elegant; CAMERA_Full_Body. Conflicts: BODY_BBW.,BODY
BODY_SFW_Mature_Woman,"1girl, mature female, adult woman, (mature face:1.2), elegant mature beauty, refined features, womanly figure","child, young, teenage, loli, chibi, male, boy, underage",Clearly adult mature woman. Combos: OUTFIT_Business_Suit; MOOD_Confident; ARCHETYPE_Office_Lady. Conflicts: any youthful archetypes.,BODY
BODY_SFW_Muscular_Fit,"1girl, athletic body, toned, (defined muscles:1.2), fit, strong arms, abs, muscular legs, powerful build","weak, frail, chubby, overweight, petite, male, boy",Athletic muscular build. Combos: ARCHETYPE_Kunoichi; OUTFIT_Sportswear; ACTIVITY_Fighting_Pose. Conflicts: BODY_Petite_Small.,BODY
BODY_SFW_Pear_Shaped,"1girl, pear body shape, (wide hips:1.3), narrow shoulders, bottom-heavy figure, wider lower body, slimmer upper body, natural pear silhouette","inverted triangle, broad shoulders, uniform",Pear body shape. Combos: OUTFIT_SFW_Evening_Dress; BODY_SFW_Thicc_Voluptuous (for overlap). Real body diversity.,BODY
BODY_SFW_Petite_Small,"1girl, petite, small frame, delicate body, slim, tiny waist, short stature, slender limbs, dainty","muscular, tall, wide hips, thick thighs, voluptuous, male, boy",Small delicate frame. Combos: ARCHETYPE_Idol; OUTFIT_School_Uniform; MOOD_Shy. Conflicts: BODY_Thicc_Voluptuous; BODY_Muscular_Fit.,BODY
BODY_SFW_Tall_Elegant,"1girl, tall, long legs, statuesque, lean figure, elegant build, long neck, refined posture, model proportions","short, stubby, chibi, petite, male, boy",Tall model-like build. Combos: MOOD_Elegant; OUTFIT_Evening_Dress; CAMERA_Full_Body. Conflicts: BODY_Petite_Small.,BODY
BODY_SFW_Thicc_Voluptuous,"1girl, voluptuous, thick thighs, wide hips, (curvy body:1.3), plump, soft body, hourglass figure, meaty thighs, smooth skin","skinny, thin, slender, petite, flat chest, narrow hips, bony, male, boy",Thick curvy body. Combos: ARCHETYPE_Bunny_Girl; OUTFIT_Swimwear; ACTIVITY_Dancing. Conflicts: BODY_Petite_Small.,BODY
CAMERA_SFW_Extreme_Closeup,"extreme close-up, macro shot, eye detail, face detail extreme, skin texture close, eyes filling frame, ultra tight crop","wide, full body, establishing",Extreme facial macro. Combos: EXPRESSION styles; VFX_SFW_Bokeh; LIGHTING_SFW_Studio_Three_Point. More intimate than Face_Close.,CAMERA
CAMERA_SFW_Face_Close,"face focus, close-up portrait, facial close up, head shot, face only, expression focus","full body, wide shot, distant",Face portrait. Combos: EXPRESSION styles; MOOD styles; HAIR styles. Best for emotion showcase.,CAMERA
CAMERA_SFW_Fisheye,"fisheye lens, extreme wide angle, barrel distortion, 180 degree view, fisheye distortion, ultra wide fisheye perspective","telephoto, compressed, standard lens",Fisheye distortion. Combos: COMPOSITION_SFW_Dutch_Angle; SCENE_SFW_Cyberpunk_City; DYNAMICS_SFW_Motion_Blur. Edgy dynamic look.,CAMERA
CAMERA_SFW_From_Above,"high angle shot, bird's eye view, from above, looking down perspective, overhead angle","from below, worm eye",Overhead angle. Combos: ACTIVITY_Sitting_Relaxed; MOOD_Shy; cozy scenes.,CAMERA
CAMERA_SFW_From_Below,"low angle shot, worm's eye view, looking up, from below perspective, dynamic low angle","from above, flat angle",Dynamic upward angle. Combos: ARCHETYPE_Demon_Queen; MOOD_Confident; BODY_Tall_Elegant.,CAMERA
CAMERA_SFW_Full_Body,"full body shot, full body view, head to toe, complete figure visible","close up, face only, cropped",Full body composition. Combos: ACTIVITY_Dancing; OUTFIT styles; POSE styles. Best for outfit showcases.,CAMERA
CAMERA_SFW_Letterbox,"cinematic letterbox, widescreen black bars, 2.39:1 aspect crop, cinemascope format, cinematic aspect ratio, anamorphic widescreen","square, portrait, standard",Cinematic letterbox bars. Combos: VFX_SFW_Lens_Flare; PALETTE_SFW_Teal_Orange; STYLE_SFW_Concept_Art. Instant film feel. Good for wallpaper crops.,CAMERA
CAMERA_SFW_Over_Shoulder,"over shoulder shot, from behind looking forward, back angle, shoulder perspective, rear composition","full frontal, close face",Over-shoulder cinematic. Combos: SCENE styles; ACTIVITY_Gazing_Horizon; MOOD_Melancholic.,CAMERA
CAMERA_SFW_Side_Profile,"side profile, profile view, lateral view, 90 degree angle, silhouette angle","frontal, from below",Profile view. Combos: LIGHTING_Backlit_Silhouette; HAIR styles; OUTFIT styles. Great for silhouettes.,CAMERA
CAMERA_SFW_Three_Quarter,"three-quarter view, 3/4 angle, upper body, waist up, classic portrait angle","full body, extreme close up",Classic portrait framing. Most versatile camera angle. Works with all content.,CAMERA
CAMERA_SFW_Tilt_Shift,"tilt shift effect, miniature effect, selective focus tilt shift, toy world look, narrow band focus, blur above and below focus","full focus, standard, no blur",Tilt-shift miniature effect. Combos: SCENE_SFW_Cyberpunk_City; CAMERA_SFW_From_Above; STYLE_SFW_Detailed_Realistic. Makes scenes look like toy models.,CAMERA
CAMERA_SFW_Wide_Establishing,"wide shot, establishing shot, character in environment, full scene visible, environment focus, panoramic","close up, face focus, portrait",Full environment shot. Combos: SCENE styles; SEASON styles. Best for wallpaper compositions.,CAMERA
COMPANION_SFW_Cat,"cat companion, cat sitting nearby, cat on shoulder, fluffy cat, feline companion, cat looking at viewer","dog, dragon, alone",Cat companion. Combos: ARCHETYPE_Catgirl; MOOD_Playful; SCENE_Bedroom. Adds warmth.,COMPANION
COMPANION_SFW_Dog,"dog companion, puppy, dog by side, fluffy dog, loyal companion, dog looking up","cat, dragon, alone",Dog companion. Combos: ACTIVITY_Running; SCENE_Forest_Outdoor; MOOD_Playful. Conflicts: COMPANION_Cat.,COMPANION
COMPANION_SFW_Familiar_Spirit,"spirit companion, magical familiar, glowing orb spirit, fairy companion, ethereal spirit, floating companion","realistic, mundane",Magical spirit. Combos: ARCHETYPE_Magical_Girl; ARCHETYPE_Witch; LIGHTING_Volumetric_Rays.,COMPANION
COMPANION_SFW_Small_Dragon,"small dragon companion, tiny dragon on shoulder, baby dragon, cute dragon familiar, pocket dragon","large dragon, cat, dog",Mini dragon familiar. Combos: ARCHETYPE_Witch; ARCHETYPE_Warrior; SCENE_Fantasy_Ruins.,COMPANION
COMPOSITION_SFW_Diagonal,"(diagonal composition:1.2), dynamic diagonal lines, leading lines, angular layout, energetic framing","static, centered, symmetrical",Dynamic diagonals for energy. Combos: ACTIVITY_Running; ACTIVITY_Fighting_Pose; MOOD_Fierce.,COMPOSITION
COMPOSITION_SFW_Dutch_Angle,"dutch angle, tilted camera, diagonal composition, dynamic tilt","flat angle, boring composition",Tilted camera for tension/unease. Combos: MOOD_Fierce; SCENE_Gothic_Castle; ACTION scenes. Conflicts: COMPOSITION_SFW_Symmetry.,COMPOSITION
COMPOSITION_SFW_Framing,"(framed composition:1.3), subject framed by doorway, window frame, arch, foreground framing element, frame within frame","open composition, no framing",Frame-within-frame technique. Combos: SCENE_Gothic_Castle; SCENE_Library; LIGHTING_Volumetric_Rays.,COMPOSITION
COMPOSITION_SFW_Negative_Space,"(negative space:1.3), subject isolated, empty space dominant, minimalist composition, breathing room, vast emptiness around subject","cluttered, crowded frame, busy background",Minimalist negative space. Combos: MOOD_Melancholic; ACTIVITY_Gazing_Horizon; STYLE_Concept_Art.,COMPOSITION
COMPOSITION_SFW_Symmetry,"(symmetrical composition:1.2), centered subject, perfect symmetry, mirrored layout, Wes Anderson style","asymmetrical, dynamic",Wes Anderson-style symmetry. Combos: MOOD_Elegant; SCENE_Ballroom; ARCHETYPE_Demon_Queen. Conflicts: COMPOSITION_SFW_Dutch_Angle.,COMPOSITION
DYNAMICS_SFW_Floating_Gravity,"(floating:1.3), zero gravity, levitating, weightless, hair floating up, clothes floating, suspended in air, anti-gravity","standing grounded, normal gravity",Zero gravity/levitation. Combos: ARCHETYPE_SFW_Magical_Girl; ACTIVITY_Magic_Casting; LIGHTING_Volumetric_Rays.,DYNAMICS
DYNAMICS_SFW_Flying_Debris,"(flying debris:1.2), petals in wind, leaves swirling, sparks flying, paper scraps airborne, embers, floating particles","clean empty air, no particles",Floating debris/particles. Combos: ACTIVITY_Fighting_Pose; SCENE_Fantasy_Ruins; WEATHER_SFW_Windy.,DYNAMICS
DYNAMICS_SFW_Motion_Blur,"(motion blur:1.3), speed blur, movement blur, action blur, dynamic motion, fast movement implied","static, still, no movement",Speed/action blur. Combos: ACTIVITY_Running; ACTIVITY_Fighting_Pose; ACTIVITY_Dancing.,DYNAMICS
DYNAMICS_SFW_Splash_Water,"(water splash:1.3), splashing water, water droplets, water impact, wet spray, water dynamics","dry, still water, no splash",Water splash dynamics. Combos: SCENE_Beach; SCENE_Hot_Spring; SEASON_Summer_Beach.,DYNAMICS
DYNAMICS_SFW_Wind_Hair_Clothes,"(hair blowing in wind:1.3), wind effect on clothing, fabric billowing, wind-blown hair, clothes fluttering, dynamic wind, dramatic wind effect","still, static, calm, no movement",Character wind effect. Combos: SCENE_SFW_Mountain_Top; ARCHETYPE_SFW_Warrior; ACTIVITY_SFW_Gazing_Horizon. Adds cinematic drama. Conflicts: ACTIVITY_SFW_Sitting_Relaxed.,DYNAMICS
ERA_SFW_Feudal_Japan,"(feudal japan:1.2), edo period, samurai era, traditional japanese, ukiyo-e inspired setting, feudal architecture","modern, western, futuristic",Feudal Japan setting. Combos: ARCHETYPE_SFW_Kunoichi; OUTFIT_SFW_Traditional_Japanese; SCENE_SFW_Japanese_Night.,ERA
ERA_SFW_Medieval_Fantasy,"medieval fantasy setting, stone castles, torches, medieval architecture, cobblestone, knights, feudal aesthetic","modern, futuristic, sci-fi",High fantasy medieval. Combos: ARCHETYPE_SFW_Warrior; OUTFIT_SFW_Fantasy_Armor; SCENE_SFW_Gothic_Castle.,ERA
ERA_SFW_Post_Apocalyptic,"(post-apocalyptic:1.3), wasteland, ruined city, overgrown ruins, debris, rust, abandoned buildings, survival aesthetic","pristine, modern, clean, luxury",Post-apocalyptic wasteland. Combos: OUTFIT_SFW_Streetwear; MOOD_SFW_Fierce; SCENE_SFW_Fantasy_Ruins.,ERA
ERA_SFW_Retro_Futurism,"(retro futurism:1.2), 50s sci-fi aesthetic, atomic age, space age design, chrome and optimism, raygun gothic","gritty, dark, medieval, organic",50s/60s retro sci-fi optimism. Combos: STYLE_SFW_Action_Game_Art; LIGHTING_SFW_Bright_Clinical.,ERA
ERA_SFW_Steampunk,"(steampunk:1.3), gears, steam pipes, brass clockwork, victorian machinery, airship, industrial fantasy, goggles","modern, sleek, futuristic, clean",Steampunk aesthetic. Combos: OUTFIT_SFW_Gothic; LIGHTING_SFW_Candlelight; ACCESSORIES_SFW_Glasses.,ERA
ERA_SFW_Victorian,"(victorian era:1.2), 19th century aesthetic, victorian fashion, gaslight, ornate architecture, period accurate","modern, futuristic, casual",Victorian period. Combos: OUTFIT_SFW_Gothic; SCENE_SFW_Gothic_Castle; MOOD_SFW_Elegant.,ERA
EXPRESSION_SFW_Determined,"(determined expression:1.3), set jaw, focused eyes, resolute, unwavering gaze, battle will, strong-willed look","playful, shy, laughing",Resolute determination. Combos: ACTIVITY_Fighting_Pose; MOOD_Fierce; ARCHETYPE_Warrior. Conflicts: EXPRESSION_Laughing.,EXPRESSION
EXPRESSION_SFW_Disgust,"(expression of disgust:1.3), wrinkled nose, sneering, disdainful look, contemptuous expression, raised upper lip, cold dismissal","smiling, gentle, warm",Disgust/contempt expression. Combos: ARCHETYPE_SFW_Aristocrat_Noble; MOOD_SFW_Confident. Strong character personality marker.,EXPRESSION
EXPRESSION_SFW_Exhausted,"(exhausted face:1.2), heavy lidded eyes, dark circles, tired look, sleepy exhausted, worn out expression","energetic, bright-eyed, cheerful",Tired/burnout expression. Combos: MOOD_SFW_Exhausted; SCENE_SFW_Office; TIME_SFW_Midnight.,EXPRESSION
EXPRESSION_SFW_Gentle_Smile,"(gentle smile:1.2), soft smile, warm eyes, kind expression, approachable, natural beauty, subtle happiness","angry, sad, fierce, cold",Warm natural smile. Combos: MOOD_Serene; OUTFIT_Casual; any scene. Most versatile expression.,EXPRESSION
EXPRESSION_SFW_Laughing,"(laughing:1.2), open laughter, joyful expression, eyes crinkled, genuine laugh, carefree, full smile","sad, serious, stoic, fierce",Joyful laughter. Combos: MOOD_Playful; SEASON_Spring_Cherry; COMPANION_Dog. Conflicts: EXPRESSION_Determined.,EXPRESSION
EXPRESSION_SFW_Pensive,"(pensive expression:1.2), thoughtful look, hand to chin, contemplating, introspective gaze, subtle frown","laughing, cheerful, energetic",Thoughtful mood. Combos: MOOD_Melancholic; ACTIVITY_Reading; LIGHTING_Dramatic_Shadow. Conflicts: EXPRESSION_Laughing.,EXPRESSION
EXPRESSION_SFW_Pout,"(pouting:1.3), puffed cheeks, sulking expression, childish pout, stubborn face, arms crossed expression, slightly furrowed brow","smiling, laughing, serene",Pouty sulking expression. Combos: MOOD_SFW_Playful; ARCHETYPE_SFW_Idol; BODY_SFW_Petite_Small. Conflicts: EXPRESSION_SFW_Smug.,EXPRESSION
EXPRESSION_SFW_Shy_Blush,"(blushing:1.3), shy smile, rosy cheeks, embarrassed, hand to face, averted gaze, flustered","confident, smug, fierce",Cute shy blush. Combos: MOOD_Shy; BODY_Petite_Small; ARCHETYPE_Maid. Conflicts: EXPRESSION_Smug.,EXPRESSION
EXPRESSION_SFW_Smug,"(smug expression:1.3), smirk, self-satisfied grin, knowing smile, one eyebrow raised, cocky look","innocent, shy, crying",Smug confident look. Combos: MOOD_Confident; ARCHETYPE_Demon_Queen; ARCHETYPE_Office_Lady. Conflicts: EXPRESSION_Shy_Blush.,EXPRESSION
EXPRESSION_SFW_Surprised,"(surprised expression:1.3), wide eyes, open mouth slightly, eyebrows raised, startled, shocked, taken aback","calm, serene, bored",Surprise reaction. Combos: any action scene; MOOD_Playful. Good for storytelling images.,EXPRESSION
EXPRESSION_SFW_Wink,"(winking:1.3), one eye closed, playful wink, coy look, finger gun optional, charming gesture","serious, crying, fierce",Playful wink. Combos: MOOD_Playful; ARCHETYPE_Idol; OUTFIT_Casual. Conflicts: EXPRESSION_Determined.,EXPRESSION
EXPRESSION_SFW_Yandere,"(yandere expression:1.3), empty stare, blank obsessive eyes, unsettling smile, yandere look, glassy eyes","normal expression, warm, friendly",Unsettling yandere gaze. Combos: RACE_SFW_Vampire; ARCHETYPE_SFW_Demon_Queen; LIGHTING_SFW_Dim_Dark.,EXPRESSION
EYE_SFW_Crimson_Red,"(crimson eyes:1.4), red eyes, blood red iris, vampire eyes, glowing red eyes, scarlet iris, demonic red gaze",natural blue green brown,Red/crimson eyes. Combos: RACE_SFW_Vampire; ARCHETYPE_SFW_Demon_Queen; EXPRESSION_SFW_Yandere. Strong visual.,EYE
EYE_SFW_Golden_Amber,"(golden eyes:1.3), amber eyes, honey golden iris, warm golden gaze, amber colored eyes, glowing golden eyes","blue eyes, green eyes, dark eyes",Golden/amber eyes. Combos: RACE_SFW_Fox_Spirit; RACE_SFW_Dragon_Girl; ARCHETYPE_SFW_Fortune_Teller. Distinctive warm tone.,EYE
EYE_SFW_Heterochromia,"(heterochromia:1.4), mismatched eye color, different colored eyes, one blue one red, odd eyes, heterochromatic irises","matching eyes, uniform color",Heterochromia mismatched eyes. Combos: any ARCHETYPE for unique character identifier. Already in BODY but separate EYE entry for easier access.,EYE
EYE_SFW_Silver_Grey,"(silver eyes:1.3), grey eyes, silver iris, steel grey gaze, moonstone eyes, pale silver irises, cool grey eyes","warm brown, golden, colored",Silver/grey eyes. Combos: RACE_SFW_Vampire; ARCHETYPE_SFW_Knight; PALETTE_SFW_Cold_Blue. Cold elegant.,EYE
EYE_SFW_Violet_Deep,"(violet eyes:1.3), purple eyes, deep violet iris, amethyst eyes, vivid purple gaze, magical violet eyes","brown eyes, natural eye color",Deep violet eyes. Combos: ARCHETYPE_SFW_Witch; RACE_SFW_Demon_Girl; MOOD_SFW_Mysterious. Fantasy staple.,EYE
FORMAT_SFW_Album_Cover,"album cover composition, square format, centered subject, album art aesthetic, music cover art, bold composition, graphic album design","landscape, random crop, text-heavy",Album cover square composition. Combos: PALETTE styles; STYLE_SFW_Modern_Glossy; LIGHTING_SFW_Studio_Three_Point. Good for profile images.,FORMAT
FORMAT_SFW_Character_Sheet,"character sheet, character design turnaround, front and side view, multiple angles, reference sheet, character reference, design sheet, neutral pose clean background","single angle, dramatic lighting, background scene",Character design reference sheet. Combos: STYLE_SFW_Concept_Art; BASE styles. Essential for LoRA dataset prep and character consistency.,FORMAT
FORMAT_SFW_Poster_Vertical,"movie poster composition, (portrait poster format:1.2), dramatic poster layout, hero shot poster, title space at top, centered subject, poster framing","wide landscape, random composition",Movie poster framing. Combos: LIGHTING_SFW_Dramatic_Shadow; STYLE_SFW_Concept_Art; COMPOSITION_SFW_Symmetry. Good for social media vertical.,FORMAT
HAIR_SFW_Ahoge,"(ahoge:1.2), single antenna hair, cowlick, one strand sticking up, cute ahoge","perfectly smooth hair, no stray strands",Cute ahoge. Combos: MOOD_SFW_Playful; ARCHETYPE_SFW_Magical_Girl; ARCHETYPE_SFW_Idol.,HAIR
HAIR_SFW_Braid,"(braided hair:1.2), braid, french braid, side braid, interwoven hair, elven braid, detailed braid","loose straight, bob, twin tails",Braided hair. Combos: ARCHETYPE_Elf_Ranger; OUTFIT_Fantasy_Armor; SCENE_Forest_Outdoor.,HAIR
HAIR_SFW_Buzzcut_Undercut,"(buzzcut:1.2), shaved sides, high fade, military cut, close cropped sides, short top with shaved sides","long hair, twin tails, flowing",Buzzcut/military cut. Combos: BODY_SFW_Muscular_Fit; ARCHETYPE_SFW_Warrior; MOOD_SFW_Fierce. Conflicts: HAIR_SFW_Long_Flowing.,HAIR
HAIR_SFW_Colorful_Dye,"(multicolor hair:1.2), dyed hair, gradient hair, pastel highlights, pink and white, blue tips, ombre hair","natural hair color, plain black, plain brown",Colorful dyed hair. Combos: ARCHETYPE_Idol; ARCHETYPE_Magical_Girl; STYLE_Soft_Pastel. Conflicts: ARCHETYPE_Warrior.,HAIR
HAIR_SFW_Dreadlocks,"(dreadlocks:1.3), locs, thick dreads, long dreadlocks, natural locs, decorated dreads, beaded dreads","straight hair, silky hair, bob",Dreadlocks hairstyle. Combos: OUTFIT_SFW_Streetwear; ARCHETYPE_SFW_Warrior; RACE_SFW_Dark_Elf_Female. Unique visual identifier.,HAIR
HAIR_SFW_Long_Flowing,"(long hair:1.2), flowing hair, silky straight hair, hair blowing in wind, voluminous long hair","short hair, bob, buzzcut",Long flowing hair. Combos: ARCHETYPE_Elf_Ranger; SCENE_Beach; ACTIVITY_Gazing_Horizon. Universal.,HAIR
HAIR_SFW_Messy_Bun,"(messy bun:1.2), hair up in bun, loose strands, casual updo, relaxed bun, hair sticks optional","fully down, twin tails",Casual messy bun. Combos: OUTFIT_Casual; MOOD_Playful; ACTIVITY_Cooking. Conflicts: HAIR_Long_Flowing.,HAIR
HAIR_SFW_Ponytail,"(ponytail:1.2), hair tied back, high ponytail, sleek ponytail, hair band, athletic hairstyle","loose hair, bun",Ponytail. Combos: OUTFIT_Sportswear; ARCHETYPE_Kunoichi; ACTIVITY_Running. Works with most body types.,HAIR
HAIR_SFW_Short_Bob,"(short bob:1.3), bob cut, blunt cut, chin length hair, sleek bob, sharp bangs","long hair, twin tails, ponytail",Short bob. Combos: ARCHETYPE_Office_Lady; OUTFIT_Business_Suit; MOOD_Confident. Conflicts: HAIR_Long_Flowing.,HAIR
HAIR_SFW_Twin_Tails,"(twin tails:1.3), twintails, pigtails, hair ties, symmetrical twin ponytails, cute hairstyle","short hair, bob, bun",Twin tails. Combos: ARCHETYPE_Idol; MOOD_Playful; OUTFIT_School_Uniform. Conflicts: HAIR_Short_Bob.,HAIR
HAIR_SFW_Undercut,"(undercut:1.2), shaved sides, undercut hairstyle, short sides long top, faded undercut","long uniform hair, no shaving",Edgy undercut style. Combos: OUTFIT_SFW_Cyberpunk; OUTFIT_SFW_Streetwear; MOOD_SFW_Confident.,HAIR
HAIR_SFW_Wet,"(wet hair:1.2), soaking wet hair, dripping hair, rain-soaked hair, wet strands clinging","dry hair, fluffy, styled",Wet hair. Combos: WEATHER_SFW_Heavy_Rain; SCENE_SFW_Hot_Spring; SCENE_SFW_Beach.,HAIR
HAIR_SFW_White_Silver,"(white hair:1.3), silver hair, platinum hair, snow white hair, ethereal hair color","black hair, brunette, dark hair",White/silver hair color. Combos: ARCHETYPE_Elf_Ranger; ARCHETYPE_Witch; RACE_Dark_Elf_Female. Adds ethereal quality.,HAIR
LIGHTING_SFW_Bright_Clinical,"bright lighting, clean light, studio lighting, even illumination, no harsh shadows, crisp bright","dark, moody, dim",Clean even light. Combos: OUTFIT_Sportswear; SCENE_Gym; BODY_Muscular_Fit. Good for character focus.,LIGHTING
LIGHTING_SFW_Candlelight,"candlelight, candle flames, warm flickering light, intimate glow, multiple candles, warm orange tones","bright, neon, cold light",Intimate candlelight. Combos: SCENE_Gothic_Castle; SCENE_Library; MOOD_Mysterious.,LIGHTING
LIGHTING_SFW_Dim_Dark,"dim lighting, low key, dark atmosphere, moonlit, night ambiance, moody shadows, minimal light","bright, cheerful, clinical",Dark moody atmosphere. Combos: SCENE_Gothic_Castle; MOOD_Mysterious; ARCHETYPE_Witch.,LIGHTING
LIGHTING_SFW_Dramatic_Shadow,"dramatic lighting, high contrast, strong shadows, chiaroscuro, deep shadows, cinematic lighting","flat lighting, bright cheerful",Cinematic drama. Combos: MOOD_Mysterious; SCENE_Gothic_Castle; STYLE_Dark_Gothic.,LIGHTING
LIGHTING_SFW_Emergency_Lights,"emergency lights, police lights, red blue flashing, siren reflections, strobe effect, flashing red, emergency vehicle lighting, alternating red and blue light","natural, calm, warm",Police/emergency strobe lights. Combos: SCENE_SFW_Cyberpunk_City; WEATHER_SFW_Heavy_Rain; MOOD_SFW_Fierce. High drama urban scenes.,LIGHTING
LIGHTING_SFW_Golden_Hour_Sunset,"golden hour, sunset light, warm golden glow, long shadows, orange sky, sunset colors, magic hour","night, dark, cold",Beautiful sunset. Combos: SCENE_Beach; SCENE_Mountain_Top; ACTIVITY_Gazing_Horizon.,LIGHTING
LIGHTING_SFW_Neon_Colorful,"neon lighting, colorful lights, vibrant colors, neon signs, multicolor illumination, electric atmosphere","natural, soft, dim, monochrome",Neon vibrant. Combos: SCENE_Cyberpunk_City; OUTFIT_Cyberpunk; ARCHETYPE_Idol.,LIGHTING
LIGHTING_SFW_Neon_Purple_Pink,"purple neon, pink neon, neon purple pink, synthwave lighting, retrowave colors, violet glow, magenta accents","natural, warm, golden",Synthwave aesthetic. Combos: SCENE_Cyberpunk_City; OUTFIT_Cyberpunk; STYLE_Action_Game_Art.,LIGHTING
LIGHTING_SFW_Night_Moonlit,"moonlight, full moon, blue moonlight, night sky, silver light, stars, cool blue tones, lunar glow, rim lighting from moon","daytime, bright sun, warm",Moonlit night. Combos: SCENE_Japanese_Night; ARCHETYPE_Kunoichi; ARCHETYPE_Witch.,LIGHTING
LIGHTING_SFW_Overcast_Soft,"overcast sky, diffused natural light, soft shadows, cloudy day lighting, even outdoor light, grey sky","harsh sun, dramatic shadows",Soft natural overcast. Combos: SCENE_Forest_Outdoor; MOOD_Melancholic; SEASON_Autumn_Leaves.,LIGHTING
LIGHTING_SFW_Screen_Glow,"screen glow on face, blue screen light, monitor reflection on face, digital screen illumination, cold screen light, gaming screen glow, phone screen light","natural light, outdoor, sunlight",Screen light on face. Combos: ACTIVITY_SFW_Gaming; ARCHETYPE_SFW_Hacker_Netrunner; SCENE_SFW_Bedroom. Modern authentic look.,LIGHTING
LIGHTING_SFW_Soft_Warm,"soft warm lighting, golden hour glow, warm tones, gentle shadows, diffused light, cozy atmosphere","harsh lighting, cold blue light, dark",Warm cozy light. Combos: SCENE_Bedroom; SCENE_Cafe; MOOD_Serene. Universal — works with everything.,LIGHTING
LIGHTING_SFW_Stained_Glass_Light,"stained glass light, colored light through stained glass, prismatic colored shadows, church window light, multicolored light patches, religious colored illumination","plain light, outdoor, neon",Cathedral stained glass light. Combos: SCENE_SFW_Gothic_Castle; ARCHETYPE_SFW_Nun; MOOD_SFW_Serene; LIGHTING_SFW_Volumetric_Rays.,LIGHTING
LIGHTING_SFW_Studio_Three_Point,"studio lighting, three point lighting, key light, fill light, rim light, professional photography lighting","outdoor, natural, dark",Professional studio setup. Combos: CAMERA_Face_Close; ARCHETYPE_Idol; OUTFIT_Evening_Dress.,LIGHTING
LIGHTING_SFW_Underlighting,"underlighting, light from below, upward lighting, eerie underlighting, flashlight from below, unnatural upward light, dramatic underlighting","soft, natural, top-down",Creepy upward lighting. Combos: MOOD_SFW_Mysterious; ARCHETYPE_SFW_Witch; ARCHETYPE_SFW_Succubus. Creates unsettling dramatic effect.,LIGHTING
LIGHTING_SFW_Underwater,"underwater lighting, caustics, blue green water light, light refraction, bubbles, aquatic atmosphere","outdoor dry, indoor",Underwater atmosphere. Combos: SCENE_Hot_Spring; STYLE_Watercolor_Wash; OUTFIT_Swimwear.,LIGHTING
LIGHTING_SFW_Volumetric_Rays,"volumetric light rays, god rays, light shafts, sunbeams through trees, ethereal rays, dust particles in light","flat, overcast, dim",Magical light shafts. Combos: ACTIVITY_Magic_Casting; SCENE_Forest_Outdoor; SCENE_Fantasy_Ruins.,LIGHTING
MAKEUP_SFW_Eyeliner_Cat,"(cat eye liner:1.3), winged eyeliner, cat eyeliner, sharp liner wing, dramatic liner, kohl eyeliner, eyeliner flick","no makeup, natural, plain",Cat eye makeup. Combos: ARCHETYPE_SFW_Office_Lady; MOOD_SFW_Confident; EXPRESSION_SFW_Smug. Sharp and iconic.,MAKEUP
MAKEUP_SFW_Glossy_Lips,"(glossy lips:1.2), lip gloss, shiny lips, plump glossy lips, wet-look lips, high shine lip color, lip gloss shine","matte lips, no makeup",Glossy lip makeup. Combos: ARCHETYPE_SFW_Idol; OUTFIT_SFW_Evening_Dress; MOOD_SFW_Playful.,MAKEUP
MAKEUP_SFW_Natural,"(natural makeup:1.2), light makeup, minimal makeup, natural look, soft foundation, nude lip, barely-there makeup, fresh face makeup","heavy makeup, gothic, dramatic",Natural minimal makeup. Combos: any ARCHETYPE for everyday look. Universal — enhances realism without drama.,MAKEUP
MAKEUP_SFW_Soft_Blush,"(soft blush:1.2), rosy cheeks, pink cheek blush, gentle blush makeup, peachy blush, blusher on cheeks","no makeup, dramatic eyeshadow",Soft blush. Combos: MOOD_SFW_Shy; ARCHETYPE_SFW_Idol; EXPRESSION_SFW_Shy_Blush. Amplifies cute mood.,MAKEUP
MOOD_SFW_Confident,"confident expression, (strong pose:1.2), assertive, self-assured, power stance, direct gaze, chin up","shy, timid, scared, withdrawn",Confident dominant mood. Combos: ARCHETYPE_Demon_Queen; OUTFIT_Business_Suit; BODY_Tall_Elegant. Conflicts: MOOD_Shy.,MOOD
MOOD_SFW_Determined,"(determined mood:1.2), resolute, unwavering, focused intensity, eyes forward, mission-ready, battle will","relaxed, uncertain, lost",Determination mood. Combos: ACTIVITY_SFW_Fighting_Pose; ARCHETYPE_SFW_Warrior; BODY_SFW_Muscular_Fit.,MOOD
MOOD_SFW_Dreamy,"(dreamy expression:1.2), soft unfocused gaze, lost in thought, daydreaming, faraway look, gentle dreamy smile, starry eyes, wistful dreaming","sharp, alert, focused, fierce",Dreamy distant mood. Combos: PALETTE_SFW_Soft_Pastel; LIGHTING_SFW_Soft_Warm; SEASON_SFW_Spring_Cherry.,MOOD
MOOD_SFW_Elegant,"elegant expression, (refined smile:1.2), graceful, poised, sophisticated, aristocratic bearing, serene confidence","rough, messy, chaotic, casual, sporty",Refined elegant mood. Combos: OUTFIT_Evening_Dress; BODY_Tall_Elegant; SCENE_Ballroom. Conflicts: MOOD_Playful.,MOOD
MOOD_SFW_Excited,"(excited expression:1.2), bright eyes, big smile, energetic expression, thrilled look, enthusiastic, sparkling eyes, happy excitement","calm, serious, stoic, melancholic",Excited/thrilled mood. Combos: ARCHETYPE_SFW_Idol; ACTIVITY_SFW_Dancing; ATMOSPHERE_SFW_Magical_Sparkles.,MOOD
MOOD_SFW_Exhausted,"(exhausted expression:1.2), dark circles under eyes, tired eyes, burnout look, drained expression, bags under eyes","energetic, bright, cheerful",Burnout/exhaustion mood. Combos: SCENE_SFW_Office; OUTFIT_SFW_Business_Suit; ACTIVITY_SFW_Sitting_Relaxed.,MOOD
MOOD_SFW_Fierce,"fierce expression, (battle aura:1.2), intense glare, battle-ready, determined anger, warrior spirit, sharp eyes","gentle, shy, cute, playful",Battle-ready fierce mood. Combos: ARCHETYPE_Warrior; ACTIVITY_Fighting_Pose; BODY_Muscular_Fit. Conflicts: MOOD_Shy.,MOOD
MOOD_SFW_Focused,"focused expression, (intense concentration:1.2), determined focus, eyes locked on target, deep in thought focus, task-oriented expression, absorbed","distracted, laughing, sleepy",Deep focus mood. Combos: ACTIVITY_SFW_Reading; ARCHETYPE_SFW_Scientist; ARCHETYPE_SFW_Hacker_Netrunner.,MOOD
MOOD_SFW_Melancholic,"melancholic expression, (sad eyes:1.2), wistful, distant look, pensive, thoughtful sorrow, gentle tears, lonely","cheerful, laughing, energetic",Melancholy emotional mood. Combos: SCENE_Forest_Outdoor; LIGHTING_Dramatic_Shadow; STYLE_Soft_Pastel. Conflicts: MOOD_Playful.,MOOD
MOOD_SFW_Mysterious,"mysterious expression, (enigmatic smile:1.2), half-lidded eyes, knowing look, secretive, aloof, distant gaze","cheerful, open, expressive, laughing",Enigmatic mysterious mood. Combos: ARCHETYPE_Witch; SCENE_Forest_Outdoor; LIGHTING_Dim_Dark. Conflicts: MOOD_Playful.,MOOD
MOOD_SFW_Playful,"playful expression, (bright smile:1.2), winking, mischievous grin, energetic, lively, tongue out slightly, happy","serious, cold, stoic, melancholic",Fun playful mood. Combos: ARCHETYPE_Catgirl; ACTIVITY_Dancing; OUTFIT_Casual. Conflicts: MOOD_Melancholic.,MOOD
MOOD_SFW_Serene,"serene expression, peaceful smile, calm eyes, tranquil, at ease, meditative, gentle warmth, inner peace","aggressive, fierce, anxious, chaotic",Peaceful serene mood. Combos: SCENE_Hot_Spring; SEASON_Spring_Cherry; LIGHTING_Soft_Warm. Conflicts: MOOD_Fierce.,MOOD
MOOD_SFW_Shy,"shy expression, (blushing:1.2), fidgeting, looking away, timid, embarrassed smile, hand to cheek, downcast eyes","confident, dominant, aggressive, cold",Cute shy mood. Combos: BODY_Petite_Small; OUTFIT_School_Uniform; ARCHETYPE_Idol. Conflicts: MOOD_Confident.,MOOD
MOOD_SFW_Sleepy,"sleepy expression, half-closed eyes, drowsy, tired eyes, yawning, sleepy smile, groggy, just woke up look, pillow marks on face","energetic, alert, fierce",Sleepy/drowsy mood. Combos: ACTIVITY_SFW_Sitting_Relaxed; SCENE_SFW_Bedroom; OUTFIT_SFW_Oversized_Hoodie. Conflicts: MOOD_SFW_Fierce.,MOOD
OUTFIT_SFW_Avant_Garde,"(avant-garde fashion:1.3), high fashion, geometric silhouette, architectural outfit, runway fashion, experimental clothing, sculptural garment, oversized shapes, fashion-forward","casual, plain, armor, uniform",Avant-garde high fashion. Combos: PALETTE_SFW_High_Contrast; COMPOSITION_SFW_Symmetry; MOOD_SFW_Confident. Conflicts: OUTFIT_SFW_Casual.,OUTFIT
OUTFIT_SFW_Boho,"(bohemian outfit:1.2), boho fashion, flowy skirt, embroidered top, layered necklaces, bohemian style, free spirit clothing, macrame accessories, earthy boho","formal, structured, armor, uniform",Bohemian free-spirit fashion. Combos: SCENE_SFW_Forest_Outdoor; SEASON_SFW_Summer_Beach; MOOD_SFW_Serene.,OUTFIT
OUTFIT_SFW_Business_Suit,"(business suit:1.2), blazer, dress shirt, trousers or pencil skirt, tie or scarf, formal professional, heels","casual, fantasy, armor, school uniform",Professional business attire. Combos: ARCHETYPE_Office_Lady; SCENE_Office; MOOD_Confident. Conflicts: OUTFIT_Fantasy_Armor.,OUTFIT
OUTFIT_SFW_Casual,"casual clothes, jeans, t-shirt, sneakers, everyday outfit, relaxed clothing, comfortable wear","formal, armor, fantasy, uniform, nude",Everyday casual. Combos: SCENE_Cafe; MOOD_Playful; ACTIVITY_Reading. Works with all BODY types.,OUTFIT
OUTFIT_SFW_Cottagecore,"(cottagecore:1.2), floral dress, linen apron, cottage aesthetic, prairie dress, pastoral fashion, soft rural","urban, cyberpunk, armor, dark",Cottagecore pastoral. Combos: SCENE_SFW_Forest_Outdoor; SEASON_SFW_Spring_Cherry; MOOD_SFW_Serene.,OUTFIT
OUTFIT_SFW_Cyberpunk,"(cyberpunk outfit:1.3), neon accents, tech wear, visor, holographic accessories, futuristic jacket, circuit patterns, cyber implants","fantasy, medieval, kimono, casual",Cyberpunk aesthetic. Combos: SCENE_Cyberpunk_City; LIGHTING_Neon_Purple_Pink; STYLE_Action_Game_Art. Conflicts: OUTFIT_Traditional_Japanese.,OUTFIT
OUTFIT_SFW_Dark_Academia,"(dark academia:1.2), tweed, plaid skirt, turtleneck, blazer, oxford shoes, scholarly aesthetic, muted tones","bright colors, casual, fantasy",Dark academia aesthetic. Combos: SCENE_SFW_Library; ACTIVITY_SFW_Reading; MOOD_SFW_Mysterious.,OUTFIT
OUTFIT_SFW_Evening_Dress,"(elegant evening dress:1.3), gown, formal dress, off-shoulder dress, slit dress, evening wear, sophisticated","casual, sporty, armor, uniform, torn",Formal elegance. Combos: BODY_Hourglass_Perfect; MOOD_Elegant; SCENE_Ballroom. Conflicts: OUTFIT_Sportswear.,OUTFIT
OUTFIT_SFW_Fairycore,"(fairycore:1.2), floral fairy outfit, gossamer wings, flower crown, ethereal pastel, nature fairy, whimsical","dark, armor, urban, cyberpunk",Fairycore whimsical fashion. Combos: STYLE_SFW_Soft_Pastel; SCENE_SFW_Forest_Outdoor; RACE_SFW_Angel.,OUTFIT
OUTFIT_SFW_Fantasy_Armor,"(fantasy armor:1.3), plate armor, pauldrons, gauntlets, greaves, fantasy warrior outfit, ornate armor, battle gear","modern clothes, casual, office, school uniform",Fantasy battle armor. Combos: ARCHETYPE_Warrior; SCENE_Fantasy_Ruins; MOOD_Determined. Conflicts: OUTFIT_Casual.,OUTFIT
OUTFIT_SFW_Gothic,"(gothic outfit:1.3), black lace dress, corset, dark clothing, choker, fishnet, victorian gothic, dark accessories","pastel, bright colors, sporty, swimwear",Gothic fashion. Combos: MOOD_Mysterious; SCENE_Gothic_Castle; STYLE_Dark_Gothic; LIGHTING_Dramatic_Shadow. Conflicts: OUTFIT_Swimwear.,OUTFIT
OUTFIT_SFW_Hanfu,"(hanfu:1.3), traditional chinese hanfu, flowing hanfu robes, cross-collar hanfu, ancient chinese clothing, dynasty clothing, silk hanfu, ru skirt","modern, western, armor, casual",Chinese hanfu dynasty clothing. Combos: ERA_SFW_Feudal_Japan (adapt); MOOD_SFW_Elegant; SCENE_SFW_Japanese_Night.,OUTFIT
OUTFIT_SFW_Historical_Armor,"(plate armor:1.2), full armor, historical armor, pauldrons, breastplate, gauntlets, greaves, visor, armored knight","modern, casual, fantasy light armor",Full historical armor. Combos: ERA_SFW_Medieval_Fantasy; BODY_SFW_Muscular_Fit; ACTIVITY_SFW_Fighting_Pose.,OUTFIT
OUTFIT_SFW_Hooded_Cloak,"(hooded cloak:1.3), long cloak with hood, hood up or down, traveler cloak, mystery cloak, dark cloak, fantasy traveler outfit, cowl","modern, bright casual, office",Hooded cloak/traveler. Combos: ARCHETYPE_SFW_Assassin; SCENE_SFW_Forest_Outdoor; WEATHER_SFW_Dense_Fog.,OUTFIT
OUTFIT_SFW_Lab_Coat,"(lab coat:1.2), white lab coat, laboratory coat, scientist coat, lab coat over casual clothes, open lab coat, medical professional look","fantasy, armor, formal evening",Lab coat. Combos: ARCHETYPE_SFW_Scientist; ARCHETYPE_SFW_Alchemist; LIGHTING_SFW_Bright_Clinical.,OUTFIT
OUTFIT_SFW_Lolita_Gothic,"(gothic lolita:1.3), black lolita dress, lace trim, petticoat, bonnet, lolita fashion, frilly gothic dress, platform shoes, cross accessories","casual, sporty, minimalist, armor",Gothic lolita fashion. Combos: MOOD_SFW_Mysterious; STYLE_SFW_Dark_Gothic; SCENE_SFW_Gothic_Castle. Conflicts: OUTFIT_SFW_Sportswear.,OUTFIT
OUTFIT_SFW_Mecha_Pilot,"(pilot suit:1.3), mecha pilot, eva suit, cockpit suit, futuristic pilot uniform, interface suit, neural link suit, sci-fi pilot outfit","medieval, fantasy, casual, historic",Mecha/sci-fi pilot suit. Combos: ERA_SFW_Retro_Futurism; ARCHETYPE_SFW_Space_Pilot; LIGHTING_SFW_Screen_Glow.,OUTFIT
OUTFIT_SFW_Oversized_Hoodie,"(oversized hoodie:1.2), large hoodie, cozy hoodie, sleeves too long, hoodie dress length, comfortable casual, soft fabric hoodie","formal, armor, fantasy, tight",Cozy oversized hoodie. Combos: MOOD_SFW_Shy; ACTIVITY_SFW_Gaming; SEASON_SFW_Winter_Snow. Very approachable casual.,OUTFIT
OUTFIT_SFW_School_Uniform,"school uniform, sailor uniform, blazer uniform, pleated skirt, school bag, knee-high socks, student outfit","adult professional, armor, fantasy, nude",Japanese school uniform. Combos: SCENE_School_Classroom; MOOD_Shy; BODY_Petite_Small. Conflicts: OUTFIT_Evening_Dress.,OUTFIT
OUTFIT_SFW_Sportswear,"sportswear, (athletic wear:1.2), sports bra, yoga pants, leggings, running shoes, gym outfit, activewear","formal, armor, fantasy, skirt, dress",Athletic wear. Combos: BODY_Muscular_Fit; ACTIVITY_Stretching; SCENE_Gym. Conflicts: OUTFIT_Evening_Dress.,OUTFIT
OUTFIT_SFW_Streetwear,"streetwear, hoodie, baggy pants, sneakers, cap, oversized jacket, urban fashion, graphic tee, layered outfit","formal, armor, fantasy, dress",Urban street style. Combos: SCENE_City_Alley; LIGHTING_Neon_Purple_Pink; MOOD_Confident. Conflicts: OUTFIT_Evening_Dress.,OUTFIT
OUTFIT_SFW_Swimwear,"swimsuit, one-piece swimsuit, bikini, beach attire, sun hat, sunglasses, summer wear","armor, formal, winter clothes, heavy clothing",Beach/pool wear. Combos: SCENE_Beach; LIGHTING_Golden_Hour_Sunset; SEASON_Summer. Conflicts: OUTFIT_Winter_Coat.,OUTFIT
OUTFIT_SFW_Techwear,"(techwear:1.3), tactical jacket, straps and buckles, functional pockets, urban techwear, dark tech fashion, cargo","formal, fantasy, casual plain",Techwear tactical fashion. Combos: SCENE_SFW_Cyberpunk_City; LIGHTING_SFW_Neon_Purple_Pink; MOOD_SFW_Confident.,OUTFIT
OUTFIT_SFW_Traditional_Chinese,"(cheongsam:1.3), qipao, traditional chinese dress, silk qipao, mandarin collar, floral embroidery, form-fitting traditional dress, chinese clothing","western, casual, fantasy armor",Chinese cheongsam/qipao. Combos: ERA_SFW_Feudal_Japan (adapt); MOOD_SFW_Mysterious; LIGHTING_SFW_Candlelight. Conflicts: OUTFIT_SFW_Cyberpunk.,OUTFIT
OUTFIT_SFW_Traditional_Indian,"(sari:1.3), indian sari, silk sari, bindi, bangles, traditional indian clothing, embroidered sari, draped fabric, gold jewelry","western, casual, armor, modern",Indian sari. Combos: MOOD_SFW_Elegant; LIGHTING_SFW_Golden_Hour_Sunset; ACCESSORY_SFW_Jewelry_Elegant. Conflicts: OUTFIT_SFW_Sportswear.,OUTFIT
OUTFIT_SFW_Traditional_Japanese,"(kimono:1.3), obi belt, geta sandals, traditional japanese clothing, floral pattern, hakama optional, furisode","modern clothes, western, armor, casual",Traditional kimono/yukata. Combos: SCENE_Japanese_Night; SEASON_Spring_Cherry; LIGHTING_Soft_Warm. Conflicts: OUTFIT_Sportswear.,OUTFIT
OUTFIT_SFW_Traditional_Korean,"(hanbok:1.3), traditional korean dress, silk hanbok, jeogori jacket, chima skirt, traditional korean clothing, embroidered fabric, colorful hanbok","modern, western, fantasy armor, casual",Korean hanbok. Combos: SCENE_SFW_Japanese_Night (adapt for Korean setting); SEASON_SFW_Spring_Cherry; MOOD_SFW_Elegant. Conflicts: OUTFIT_SFW_Cyberpunk.,OUTFIT
OUTFIT_SFW_Winter_Coat,"(winter coat:1.2), warm coat, scarf, gloves, beanie hat, winter fashion, cozy outfit, fur trim, long coat","swimwear, summer clothes, bikini, bare arms",Winter cozy fashion. Combos: SEASON_Winter_Snow; MOOD_Shy; ACTIVITY_Reading. Conflicts: OUTFIT_Swimwear.,OUTFIT
PALETTE_SFW_Cold_Blue,"(cold blue palette:1.2), icy blue tones, cool colors dominant, steel blue, arctic palette, cold atmosphere","warm, golden, earthy",Cold blue dominant palette. Combos: SEASON_SFW_Winter_Snow; LIGHTING_SFW_Night_Moonlit; MOOD_SFW_Melancholic.,PALETTE
PALETTE_SFW_Duotone,"duotone color scheme, two-color palette, duotone print effect, high contrast two colors, (limited palette:1.2), graphic duotone","full color, multicolor, realistic",Two-color duotone effect. Combos: STYLE_SFW_Woodcut_Print; REGIONAL_SFW_French_Comic; any ARCHETYPE for graphic posters. Very striking.,PALETTE
PALETTE_SFW_High_Contrast,"(high contrast:1.2), strong contrast, deep blacks, bright highlights, dramatic tonal range","low contrast, flat, washed out",High contrast drama. Combos: LIGHTING_SFW_Dramatic_Shadow; STYLE_SFW_Dark_Gothic; MOOD_SFW_Fierce.,PALETTE
PALETTE_SFW_Infrared,"infrared photography style, false color infrared, glowing white foliage, magenta sky, surreal infrared color shift, infrared color palette","natural color, realistic tones",Infrared false color. Combos: SCENE_SFW_Forest_Outdoor; WEATHER_SFW_Windy; DYNAMICS_SFW_Wind_Hair_Clothes. Surreal nature shots.,PALETTE
PALETTE_SFW_Monochrome_Noir,"(monochrome:1.2), black and white, noir, desaturated, grayscale with single accent color","colorful, vibrant, saturated",B&W noir palette. Combos: STYLE_SFW_Dark_Gothic; LIGHTING_SFW_Dramatic_Shadow; MOOD_SFW_Mysterious.,PALETTE
PALETTE_SFW_Muted_Desaturated,"(desaturated:1.2), muted colors, low saturation, washed out, faded palette, subdued tones, earthy muted","vibrant, saturated, neon",Understated muted palette. Combos: MOOD_SFW_Melancholic; ERA_SFW_Post_Apocalyptic; STYLE_SFW_Sketch_Lineart.,PALETTE
PALETTE_SFW_Sepia,"sepia tone, sepia photograph, warm brown tones, old photograph color, antique sepia filter, aged photo palette, brown monochrome","vibrant, saturated, neon, cold",Sepia vintage tone. Combos: ERA_SFW_Victorian; STYLE_SFW_Charcoal_Sketch; VFX_SFW_Film_Grain; REGIONAL_SFW_Nordic_Folklore.,PALETTE
PALETTE_SFW_Teal_Orange,"teal and orange color grading, cinematic color grade, teal shadows orange highlights, Hollywood color grading, blockbuster color palette, film color grade","monochrome, pastel, flat",Hollywood teal-orange grade. Combos: STYLE_SFW_Action_Game_Art; SCENE_SFW_Cyberpunk_City; VFX_SFW_Film_Grain. Industry-standard cinematic look.,PALETTE
PALETTE_SFW_Vaporwave,"(vaporwave:1.3), pastel purple pink cyan, 80s neon palette, synthwave colors, retrowave aesthetic, neon gradient","natural colors, earthy, muted",Vaporwave/synthwave palette. Combos: SCENE_SFW_Cyberpunk_City; LIGHTING_SFW_Neon_Purple_Pink; STYLE_SFW_90s_Retro.,PALETTE
PALETTE_SFW_Warm_Earth,"(warm earthy tones:1.2), amber, sienna, terracotta, brown tones, warm palette, golden tones","cold, blue, neon, desaturated",Warm earthy palette. Combos: SCENE_SFW_Forest_Outdoor; SEASON_SFW_Autumn_Leaves; MOOD_SFW_Serene.,PALETTE
POSE_SFW_Arms_Crossed,"(arms crossed:1.2), crossed arms pose, defensive stance, arms folded, assertive arms crossed, closed body language","open arms, reaching out, relaxed",Arms crossed stance. Combos: MOOD_SFW_Confident; ARCHETYPE_SFW_Office_Lady; EXPRESSION_SFW_Smug. Strong character personality.,POSE
POSE_SFW_Head_Tilt,"(head tilted:1.2), head tilt, curious head tilt, quizzical tilt, tilted head look, slight head incline, head cocked sideways","straight head, rigid",Curious head tilt. Combos: ARCHETYPE_SFW_Catgirl; EXPRESSION_SFW_Surprised; MOOD_SFW_Playful. Adds personality to portrait.,POSE
POSE_SFW_Kneeling,"(kneeling:1.2), kneel pose, one knee down, both knees down, kneeling position, reverent kneel, warrior kneeling, bowing kneeling","standing, running, jumping",Kneeling pose. Combos: ARCHETYPE_SFW_Warrior; MOOD_SFW_Determined; SCENE_SFW_Fantasy_Ruins. Dramatic weight.,POSE
POSE_SFW_Leaning_Wall,"(leaning against wall:1.2), wall lean pose, casual wall lean, hip against wall, shoulder to wall, relaxed lean, slouching against wall","standing straight, rigid, dynamic battle",Wall lean pose. Combos: SCENE_SFW_Cyberpunk_City; OUTFIT_SFW_Streetwear; MOOD_SFW_Confident. Urban casual.,POSE
POSE_SFW_Looking_Back,"(looking back over shoulder:1.3), glancing back, over shoulder look, head turned back, backward glance, looking behind, coy backward glance","facing forward, frontal pose",Over-shoulder look. Combos: CAMERA_SFW_Over_Shoulder; OUTFIT styles; HAIR_SFW_Long_Flowing (hair sweeping). Very cinematic.,POSE
PROPS_SFW_Bicycle,"(bicycle:1.2), riding bicycle, bike, leaning on bicycle, city bike, basket bike, cycling, vintage bicycle","indoor, fantasy, armor",Bicycle prop. Combos: SCENE_SFW_Garden_Flower; SEASON_SFW_Spring_Cherry; OUTFIT_SFW_Casual. Lifestyle feel.,PROPS
PROPS_SFW_Flower_Bouquet,"(flower bouquet:1.3), holding bouquet, bunch of flowers, roses bouquet, wildflower bundle, wrapped flowers, bouquet in arms","weapon, tech, dark",Flower bouquet. Combos: ARCHETYPE_SFW_Princess; SEASON_SFW_Spring_Cherry; MOOD_SFW_Excited. Universal romantic prop.,PROPS
PROPS_SFW_Guitar,"(acoustic guitar:1.3), guitar in hands, playing guitar, strumming, guitar on back, electric guitar optional, musician prop, musical instrument","no instrument, sword, weapon",Guitar prop. Combos: ARCHETYPE_SFW_Rockstar; SCENE_SFW_Stage_Performance; MOOD_SFW_Playful. Distinct from small ACCESSORY.,PROPS
PROPS_SFW_Lantern,"(paper lantern:1.2), holding lantern, glowing lantern, Japanese paper lantern, candle lantern, warm lantern glow, lantern light","modern tech, cold, sterile",Lantern prop. Combos: SCENE_SFW_Japanese_Night; LIGHTING_SFW_Candlelight; ERA_SFW_Feudal_Japan.,PROPS
PROPS_SFW_Umbrella,"(umbrella:1.3), open umbrella, parasol, holding umbrella, rain umbrella, transparent umbrella, colorful umbrella, parasol tilted","no props, weapon, instrument",Umbrella prop. Combos: WEATHER_SFW_Heavy_Rain; SCENE_SFW_City_Street_Night; OUTFIT_SFW_Casual.,PROPS
RACE_SFW_Angel,"angel, white feathered wings, halo, divine light, angelic beauty, heavenly features, graceful wings","demon, dark, horns, tail",Angel race. Combos: LIGHTING_Volumetric_Rays; STYLE_Soft_Pastel; MOOD_Serene. Conflicts: RACE_Demon_Girl.,RACE
RACE_SFW_Dark_Elf_Female,"dark elf, drow, dark skin, (white hair:1.2), pointed ears, violet or red eyes, dark elven beauty","fair skin elf, human, round ears",Dark elf drow. Combos: OUTFIT_Gothic; LIGHTING_Dim_Dark; SCENE_Fantasy_Ruins.,RACE
RACE_SFW_Demon_Girl,"demon girl, small horns, demon tail, dark skin optional, otherworldly features, fang teeth, glowing eyes","angel, halo, pure",Demon girl. Combos: ARCHETYPE_Succubus; ARCHETYPE_Demon_Queen; MOOD_Mysterious.,RACE
RACE_SFW_Dragon_Girl,"dragon girl, dragon horns, dragon tail, dragon wings optional, dragon scales on skin, reptilian eyes, dragon features","no horns, no tail, plain human",Dragon girl. Combos: ACTIVITY_Fighting_Pose; MOOD_Fierce; SCENE_Fantasy_Ruins.,RACE
RACE_SFW_Elf_Female,"elf, pointy ears, fair skin, ethereal beauty, long pointed ears, elven features, graceful elf","round ears, human, orc, demon",Classic fantasy elf. Combos: ARCHETYPE_Elf_Ranger; OUTFIT_Fantasy_Armor; SCENE_Forest_Outdoor.,RACE
RACE_SFW_Fox_Spirit,"fox girl, kitsune, fox ears, multiple fox tails, japanese spirit, fox features, fluffy tails, ethereal fox spirit","no ears, no tail, western",Kitsune fox spirit. Combos: OUTFIT_Traditional_Japanese; SCENE_Japanese_Night; LIGHTING_Night_Moonlit.,RACE
RACE_SFW_Vampire,"vampire girl, fangs, pale skin, red eyes, vampire features, nocturnal beauty, gothic vampire","sunlit, cheerful, tanned",Vampire character. Combos: SCENE_Gothic_Castle; LIGHTING_Candlelight; STYLE_Dark_Gothic.,RACE
REGIONAL_SFW_Art_Deco,"(art deco:1.3), geometric elegance, gold accents, stepped forms, 1920s glamour, deco patterns, streamlined","organic, medieval, futuristic",Art Deco style. Combos: MOOD_SFW_Elegant; SCENE_SFW_Ballroom; ERA_SFW_Victorian.,REGIONAL
REGIONAL_SFW_Art_Nouveau,"(art nouveau:1.3), organic flowing lines, decorative borders, floral motifs, mucha style, ornamental composition","geometric, minimalist, angular",Art Nouveau aesthetic. Combos: MOOD_SFW_Elegant; OUTFIT_SFW_Evening_Dress; RACE_SFW_Elf_Female.,REGIONAL
REGIONAL_SFW_French_Comic,"bande dessinee style, franco-belgian comic, ligne claire, Tintin-inspired, clean ink lines, flat colors, european comic style, clear line art","manga, anime, painted, rough",Franco-Belgian comic (BD) style. Combos: COMPOSITION_SFW_Framing; STYLE_SFW_Concept_Art. Different from manga/american comics.,REGIONAL
REGIONAL_SFW_Indian_Miniature,"rajput miniature painting, mughal miniature style, indian manuscript painting, flat decorative style, vibrant indian miniature, intricate border decoration, court scene painting","western, modern, digital, 3d",Indian Mughal/Rajput miniature. Combos: OUTFIT_SFW_Traditional_Indian; PALETTE_SFW_Warm_Earth. Combos well with REGIONAL_SFW_Persian_Miniature for contrast.,REGIONAL
REGIONAL_SFW_Korean_Webtoon,"(korean webtoon style:1.2), manhwa art, clean modern line art, webtoon coloring, bright clean aesthetics","rough, painterly, western cartoon",Korean webtoon/manhwa style. Combos: MOOD_SFW_Playful; ARCHETYPE_SFW_Idol; OUTFIT_SFW_School_Uniform.,REGIONAL
REGIONAL_SFW_Nordic_Folklore,"nordic folklore art style, scandinavian illustration, folk art norway, viking age aesthetic, norse mythology art, rosemaling pattern, nordic nature illustration","modern, digital, anime",Nordic/Scandinavian folk art. Combos: ERA_SFW_Medieval_Fantasy; SCENE_SFW_Forest_Outdoor; SEASON_SFW_Winter_Snow.,REGIONAL
REGIONAL_SFW_Persian_Miniature,"persian miniature painting, illuminated manuscript style, intricate geometric border, flat perspective miniature, Persian court painting, detailed pattern, jewel-like colors","western, modern, digital, 3d",Persian miniature painting. Combos: OUTFIT_SFW_Traditional_Indian (adapt); MOOD_SFW_Elegant; PALETTE_SFW_Warm_Earth. Extremely distinctive.,REGIONAL
REGIONAL_SFW_Ukiyo_E,"(ukiyo-e style:1.3), japanese woodblock print, flat color areas, bold outlines, traditional japanese art, edo period art","3d, realistic, western",Japanese woodblock print style. Combos: SCENE_SFW_Japanese_Night; OUTFIT_SFW_Traditional_Japanese; RACE_SFW_Fox_Spirit.,REGIONAL
SCENE_SFW_Art_Studio,"art studio, painter's studio, easels, canvas, paint tubes, art supplies, wooden floor studio, artist workspace, creative studio, paint-stained walls","office, outdoor, dungeon",Artist studio. Combos: ACTIVITY_SFW_Painting; ARCHETYPE_SFW_Alchemist; LIGHTING_SFW_Soft_Warm (north light).,SCENE
SCENE_SFW_Bakery,"cozy bakery, bread shelves, pastry display, warm bakery interior, wooden counters, baked goods, flour dusted surfaces, morning bakery, oven glow","outdoor, dungeon, office, fantasy",Cozy bakery. Combos: ARCHETYPE_SFW_Maid; ACTIVITY_SFW_Cooking; LIGHTING_SFW_Soft_Warm; SEASON_SFW_Winter_Snow.,SCENE
SCENE_SFW_Ballroom,"grand ballroom, chandeliers, marble floor, elegant decor, gold trim, formal setting, dance floor, tall windows","outdoor, dungeon, cafe",Elegant ballroom. Combos: OUTFIT_Evening_Dress; MOOD_Elegant; ACTIVITY_Dancing.,SCENE
SCENE_SFW_Beach,"beach, ocean, sandy shore, waves, blue sky, palm trees, sunny day, sea breeze","indoor, dungeon, winter",Tropical beach. Combos: OUTFIT_Swimwear; SEASON_Summer; LIGHTING_Golden_Hour_Sunset.,SCENE
SCENE_SFW_Bedroom,"bedroom, bed, pillows, soft lighting, cozy room, window with curtains, nightstand","outdoor, dungeon, office",Cozy bedroom. Combos: ACTIVITY_Reading; ACTIVITY_Gaming; MOOD_Serene. Universal.,SCENE
SCENE_SFW_Cafe,"cafe interior, coffee shop, wooden tables, warm lighting, coffee cups, window seat, cozy atmosphere","outdoor battle, dungeon, office",Cozy cafe. Combos: ACTIVITY_Reading; OUTFIT_Casual; SEASON_Autumn_Leaves. Conflicts: SCENE_Dungeon.,SCENE
SCENE_SFW_City_Street_Night,"city street at night, urban night scene, streetlights, wet pavement reflections, night city street, neon signs, downtown night, urban nightlife","indoor, fantasy, nature",Night city street. Combos: WEATHER_SFW_Gentle_Rain; OUTFIT_SFW_Streetwear; LIGHTING_SFW_Neon_Purple_Pink.,SCENE
SCENE_SFW_Cyberpunk_City,"cyberpunk city, neon lights, rainy streets, towering skyscrapers, holographic ads, futuristic urban, neon reflections","fantasy, nature, traditional",Cyberpunk setting. Combos: OUTFIT_Cyberpunk; LIGHTING_Neon_Purple_Pink; STYLE_Action_Game_Art.,SCENE
SCENE_SFW_Fantasy_Ruins,"ancient ruins, crumbling stone, overgrown vines, broken columns, ethereal mist, forgotten temple, mystical atmosphere","modern, cafe, office",Fantasy ruins. Combos: ARCHETYPE_Warrior; ARCHETYPE_Succubus; LIGHTING_Volumetric_Rays.,SCENE
SCENE_SFW_Forest_Outdoor,"enchanted forest, tall trees, dappled light, mossy ground, nature, woodland path, soft sunlight through leaves","indoor, urban, futuristic",Fantasy forest. Combos: ARCHETYPE_Elf_Ranger; ARCHETYPE_Witch; LIGHTING_Golden_Hour_Sunset.,SCENE
SCENE_SFW_Garden_Flower,"flower garden, blooming garden, flower beds, garden path, rose garden, colorful flowers, botanical garden, outdoor flower setting, garden bench","indoor, dungeon, urban",Flower garden. Combos: SEASON_SFW_Spring_Cherry; OUTFIT_SFW_Boho; COMPANION_SFW_Butterfly (via ATMOSPHERE).,SCENE
SCENE_SFW_Gothic_Castle,"gothic castle, stone walls, stained glass, torchlight, grand hall, stone pillars, dark atmosphere, medieval interior","modern, cafe, beach, office",Gothic castle interior. Combos: ARCHETYPE_Demon_Queen; STYLE_Dark_Gothic; LIGHTING_Dramatic_Shadow.,SCENE
SCENE_SFW_Greenhouse,"glass greenhouse, botanical garden, plants everywhere, glass ceiling, tropical plants, garden conservatory, lush interior","urban, dark, outdoor bare",Glass greenhouse. Combos: OUTFIT_SFW_Cottagecore; SEASON_SFW_Spring_Cherry; LIGHTING_SFW_Soft_Warm.,SCENE
SCENE_SFW_Hot_Spring,"outdoor hot spring, onsen, steam rising, rocks, bamboo, natural pool, peaceful nature, mountain backdrop","indoor, urban, battle",Peaceful onsen. Combos: OUTFIT_Traditional_Japanese; MOOD_Serene; SEASON_Winter_Snow.,SCENE
SCENE_SFW_Japanese_Night,"feudal japan, japanese architecture, torii gate, paper lanterns, wooden bridge, night atmosphere, traditional setting","modern, western, futuristic",Japanese night scene. Combos: ARCHETYPE_Kunoichi; ARCHETYPE_Shrine_Maiden; LIGHTING_Night_Moonlit; OUTFIT_Traditional_Japanese.,SCENE
SCENE_SFW_Library,"grand library, bookshelves to ceiling, reading tables, warm lamp light, ancient books, wooden ladders, quiet atmosphere","outdoor, battle, beach",Library setting. Combos: ACTIVITY_Reading; ARCHETYPE_Witch; MOOD_Mysterious.,SCENE
SCENE_SFW_Liminal_Space,"(liminal space:1.3), empty corridor, abandoned pool, empty hallway, eerie empty space, backrooms aesthetic, transitional space","crowded, busy, populated",Unsettling liminal atmosphere. Combos: LIGHTING_SFW_Bright_Clinical; MOOD_SFW_Mysterious; PALETTE_SFW_Muted_Desaturated.,SCENE
SCENE_SFW_Mountain_Top,"mountain peak, panoramic view, clouds below, dramatic sky, rocky summit, wind, vast horizon","indoor, dungeon, cafe",Cinematic mountain vista. Combos: ACTIVITY_Gazing_Horizon; LIGHTING_Golden_Hour_Sunset; MOOD_Melancholic.,SCENE
SCENE_SFW_Observatory,"observatory, telescope, domed ceiling, star charts, astronomy equipment, space observation room, glass dome ceiling, night sky visible, planetarium","outdoor, dungeon, cafe",Observatory/planetarium. Combos: TIME_SFW_Midnight; ARCHETYPE_SFW_Scientist; MOOD_SFW_Dreamy.,SCENE
SCENE_SFW_Office,"modern office, desk, computer, city view through window, professional environment, clean corporate space","fantasy, dungeon, beach, outdoor",Office setting. Combos: ARCHETYPE_Office_Lady; OUTFIT_Business_Suit; MOOD_Confident.,SCENE
SCENE_SFW_Rainy_Window,"looking through rainy window, rain on glass, window with raindrops, cozy indoor rainy day, rain streaks on window, indoor watching rain","outdoor, dry, bright sunny",Rainy window interior. Combos: WEATHER_SFW_Heavy_Rain; MOOD_SFW_Melancholic; ACTIVITY_SFW_Reading. Iconic melancholic setup.,SCENE
SCENE_SFW_Rooftop_Night,"rooftop at night, city skyline below, rooftop edge, urban rooftop, city lights below, night city view from above","indoor, forest, nature",Urban rooftop night. Combos: LIGHTING_SFW_Neon_Purple_Pink; TIME_SFW_Midnight; OUTFIT_SFW_Streetwear.,SCENE
SCENE_SFW_Ruins_Overgrown,"overgrown ruins, nature reclaiming building, ivy covered walls, crumbling structure, post-urban nature, moss and vines","pristine, clean, maintained",Nature-consumed ruins. Combos: ERA_SFW_Post_Apocalyptic; ARCHETYPE_SFW_Elf_Ranger; LIGHTING_SFW_Volumetric_Rays.,SCENE
SCENE_SFW_School_Classroom,"school classroom, desks, blackboard, chalk, school windows, afternoon light, empty classroom","outdoor, dungeon, office",School classroom. Combos: OUTFIT_School_Uniform; ACTIVITY_Reading; MOOD_Shy.,SCENE
SCENE_SFW_Snowy_Path,"snowy path, snow-covered trail, winter path, walking through snow, snowflakes falling, bare trees in snow, silent snowy landscape, deep snow","summer, tropical, indoor",Snowy winter path. Combos: SEASON_SFW_Winter_Snow; OUTFIT_SFW_Winter_Coat; ATMOSPHERE_SFW_Breath_Cold_Air.,SCENE
SCENE_SFW_Stage_Performance,"concert stage, spotlight, stage lights, microphone, audience silhouette, performance venue, dramatic stage lighting","nature, outdoor, dungeon",Performance stage. Combos: ARCHETYPE_Idol; ACTIVITY_Dancing; LIGHTING_Neon_Colorful.,SCENE
SCENE_SFW_Throne_Room,"throne room, grand throne, ornate hall, royal chamber, imposing seat of power, regal interior","humble, outdoor, casual",Throne room setting. Combos: ARCHETYPE_SFW_Demon_Queen; MOOD_SFW_Confident; ERA_SFW_Medieval_Fantasy.,SCENE
SCENE_SFW_Vehicle_Interior,"vehicle interior, train window seat, car backseat, bus window, subway car, rain on window, night driving atmosphere","outdoor, open space, static room",Vehicle interior scene. Combos: WEATHER_SFW_Gentle_Rain; MOOD_SFW_Melancholic; TIME_SFW_Blue_Hour.,SCENE
SEASON_SFW_Autumn_Leaves,"autumn season, falling leaves, orange red leaves, autumn colors, leaf-covered ground, warm autumn tones","spring, summer, snow",Autumn atmosphere. Combos: ACTIVITY_Reading; MOOD_Melancholic; LIGHTING_Golden_Hour_Sunset.,SEASON
SEASON_SFW_Spring_Cherry,"spring season, cherry blossoms, sakura petals, pink flowers, blooming trees, gentle spring breeze, sakura falling","winter, snow, autumn leaves",Cherry blossom spring. Combos: OUTFIT_Traditional_Japanese; LIGHTING_Soft_Warm; MOOD_Serene. Universal BODY.,SEASON
SEASON_SFW_Summer_Beach,"summer season, bright sun, warm weather, blue sky, summer heat haze, vibrant colors, clear skies","winter, autumn, rain",Bright summer. Combos: SCENE_Beach; OUTFIT_Swimwear; LIGHTING_Golden_Hour_Sunset.,SEASON
SEASON_SFW_Winter_Snow,"winter season, snow, snowflakes, frost, icy breath visible, winter cold, white landscape, snow-covered ground","summer, beach, tropical",Winter aesthetic. Combos: OUTFIT_Winter_Coat; ACCESSORY_Scarf; SCENE_Hot_Spring.,SEASON
STYLE_SFW_3D_Render,"3d render, 3d anime style, cgi anime, smooth 3d shading, rendered character, three-dimensional","flat 2d, sketchy, traditional",3D anime style. Combos: OUTFIT_Cyberpunk; STYLE_Action_Game_Art. NoobAI handles well.,STYLE
STYLE_SFW_90s_Retro,"90s anime style, retro anime aesthetic, classic 90s art, vintage anime, old school anime shading, cel shading","modern, digital, 3d, photorealistic",Retro nostalgic look. Combos: STYLE specific. Universal BODY.,STYLE
STYLE_SFW_Action_Game_Art,"action game art style, game character design, sharp rendering, vibrant saturated colors, game art aesthetic","soft, pastel, watercolor, sketchy",Game character render. Combos: ARCHETYPE_Warrior; ARCHETYPE_Kunoichi; BODY_Muscular_Fit. Best on NoobAI.,STYLE
STYLE_SFW_Anime_Classic,"anime style, classic anime art, clean lineart, anime shading, vibrant colors, standard anime aesthetic","realistic, photorealistic, western cartoon, 3d",Standard anime. Universal — works with all content. Good default.,STYLE
STYLE_SFW_Baroque,"baroque style, dramatic baroque painting, strong chiaroscuro, rich colors, dynamic composition, baroque portrait, theatrical drama, Caravaggio-inspired, old master painting","flat, minimal, modern, digital",Baroque painting style. Combos: LIGHTING_SFW_Dramatic_Shadow; LIGHTING_SFW_Candlelight; ARCHETYPE_SFW_Aristocrat_Noble. Conflicts: STYLE_SFW_Flat_Vector.,STYLE
STYLE_SFW_Cell_Shading,"(cel shading:1.2), cell shaded, hard shadow cel, toon shading, sharp shadow anime, flat shadow render","painterly, soft shading, realistic",Cel-shaded cartoon look. Combos: ARCHETYPE styles; ACTIVITY_Fighting_Pose; OUTFIT_SFW_Fantasy_Armor.,STYLE
STYLE_SFW_Charcoal_Sketch,"charcoal drawing, charcoal sketch, black charcoal on white paper, smudged charcoal, academic drawing, charcoal texture, classical charcoal portrait","colored, digital, polished, painted",Traditional charcoal drawing. Combos: MOOD_SFW_Melancholic; LIGHTING_SFW_Dramatic_Shadow; ARCHETYPE_SFW_Warrior. Different feel from Sketch_Lineart.,STYLE
STYLE_SFW_Chibi,"chibi style, super deformed, cute chibi, big head small body, chibi proportions, kawaii chibi","realistic proportions, serious, dark",Chibi cute style. Combos: MOOD_Playful; ARCHETYPE_Magical_Girl. Conflicts: BODY styles (override proportions).,STYLE
STYLE_SFW_Clay_Render,"clay render, clay material, claymation aesthetic, matte clay texture, rounded soft shapes, stop motion feel, clay character","sharp, glossy, photorealistic, flat",Claymation/clay render aesthetic. Combos: MOOD_SFW_Playful; ARCHETYPE_SFW_Idol; STYLE_SFW_Chibi. Distinct from 3D_Render — matte rounded quality.,STYLE
STYLE_SFW_Colored_Pencil,"colored pencil art, colored pencil illustration, pencil stroke texture, waxy pencil shading, hand-drawn colored pencils, layered pencil marks, colored pencil realism","digital, flat, painted, photorealistic",Colored pencil medium. Combos: SCENE_SFW_Forest_Outdoor; MOOD_SFW_Serene; SEASON_SFW_Spring_Cherry. Warm nostalgic quality.,STYLE
STYLE_SFW_Concept_Art,"concept art style, character concept, design sheet feel, professional game concept, clean character design","painterly, sketchy, watercolor",Professional concept art. Combos: any archetype. Good for character showcases. Works well NoobAI + Illustrious.,STYLE
STYLE_SFW_Dark_Gothic,"dark gothic style, moody atmosphere, dark aesthetic, crimson accents, gothic art, dark elegant","pastel, bright, cheerful",Dark gothic. Combos: ARCHETYPE_Demon_Queen; SCENE_Gothic_Castle; LIGHTING_Dramatic_Shadow.,STYLE
STYLE_SFW_Detailed_Realistic,"ultra detailed, highly detailed, photorealistic anime, detailed skin, detailed fabric, premium quality rendering","simple, flat, cartoon, rough",Maximum detail. Heavy on VRAM. Combos: any. NoobAI excels at this style.,STYLE
STYLE_SFW_Gouache_Flat,"gouache painting style, flat color gouache, opaque watercolor, graphic gouache illustration","3d, realistic, sketchy",Flat gouache illustration style. Combos: REGIONAL_SFW_Art_Nouveau; MOOD_SFW_Playful; OUTFIT styles.,STYLE
STYLE_SFW_Impressionist,"impressionist style, loose brushstrokes, light and color focus, impressionistic painting, atmospheric rendering","sharp, detailed, clean digital",Impressionist artistic. Combos: SCENE_Beach; LIGHTING_Golden_Hour_Sunset; MOOD_Serene.,STYLE
STYLE_SFW_Ink_Crosshatch,"ink drawing, crosshatching, pen and ink, detailed linework, etching style, ink illustration","colored, soft, painterly",Ink crosshatch illustration. Combos: ERA_SFW_Victorian; STYLE_SFW_Sketch_Lineart; PALETTE_SFW_Monochrome_Noir.,STYLE
STYLE_SFW_Low_Poly,"low poly art, low polygon, geometric faces, triangulated surfaces, faceted shading, flat color polygons, low poly 3d","high detail, photorealistic, smooth curves",Low-poly geometric style. Combos: PALETTE_SFW_High_Contrast; SCENE_SFW_Mountain_Top; LIGHTING_SFW_Golden_Hour_Sunset. Clean modern aesthetic.,STYLE
STYLE_SFW_Modern_Glossy,"modern anime style, polished, glossy finish, contemporary digital art, clean smooth rendering, high production value","sketchy, rough, retro, 3d",Polished modern look. Combos: OUTFIT_Evening_Dress; ARCHETYPE_Idol. Excels on Illustrious.,STYLE
STYLE_SFW_Painterly_Oil,"oil painting style, painterly, visible brushstrokes, classical painting aesthetic, painted texture, artistic","flat, digital clean, sharp",Classic painterly look. Combos: MOOD_Elegant; OUTFIT_Evening_Dress; SCENE_Ballroom.,STYLE
STYLE_SFW_Sketch_Lineart,"sketch style, pencil lineart, hand-drawn look, rough sketch, pencil drawing aesthetic, monochrome sketch","colored, polished, digital clean",Sketch aesthetic. Combos: STYLE_Watercolor_Wash. Can be combined for mixed media look.,STYLE
STYLE_SFW_Soft_Pastel,"soft pastel colors, gentle palette, pastel art style, dreamy colors, watercolor-like softness, muted tones","dark, harsh, high contrast, neon",Dreamy soft aesthetic. Combos: ARCHETYPE_Magical_Girl; SEASON_Spring_Cherry; MOOD_Shy.,STYLE
STYLE_SFW_Storybook,"storybook illustration, fairy tale art, children's book style, whimsical illustration, folk art illustrated","realistic, dark, mature",Whimsical storybook art. Combos: ARCHETYPE_SFW_Magical_Girl; SCENE_SFW_Forest_Outdoor; MOOD_SFW_Playful.,STYLE
STYLE_SFW_Surrealism,"surrealist art, dreamlike surrealism, Salvador Dali inspired, impossible scene, melting reality, dream logic, surreal imagery, distorted perspective dream","realistic, grounded, documentary",Surrealist dreamlike style. Combos: PALETTE_SFW_Warm_Earth or PALETTE_SFW_Muted_Desaturated; DYNAMICS_SFW_Floating_Gravity; SCENE_SFW_Fantasy_Ruins. Highly distinctive.,STYLE
STYLE_SFW_Visual_Novel,"visual novel art style, VN character art, dating sim style, light novel illustration, character sprite style","realistic, 3d, rough sketch",Visual novel/dating sim style. Combos: EXPRESSION styles; MOOD styles; any ARCHETYPE. Excels on Illustrious.,STYLE
STYLE_SFW_Voxel_Art,"voxel art, voxel style, 3d pixel art, cubic voxels, minecraft-like aesthetic, blocky 3d, voxel render, isometric voxel","smooth, photorealistic, flat 2d",Voxel cube aesthetic. Combos: ERA_SFW_Retro_Futurism; SCENE_SFW_Cyberpunk_City. Very distinct visual style. NoobAI handles well.,STYLE
STYLE_SFW_Watercolor_Wash,"watercolor style, watercolor wash, soft color bleeding, watercolor texture, translucent colors, painted wash","sharp, clean digital, hard edges",Watercolor aesthetic. Combos: SEASON_Spring_Cherry; MOOD_Melancholic; SCENE_Forest_Outdoor.,STYLE
STYLE_SFW_Woodcut_Print,"woodcut print, linocut, printmaking style, rough carved lines, high contrast black white print, relief print texture, bold graphic woodcut, stamp-like quality","digital, smooth, photorealistic, colored",Woodcut/linocut printmaking. Combos: ERA_SFW_Victorian; PALETTE_SFW_Monochrome_Noir; REGIONAL_SFW_Ukiyo_E. Historic art medium.,STYLE
TIME_SFW_Blue_Hour,"blue hour, twilight, dusk, deep blue sky, transition from day to night, indigo atmosphere, purple twilight","bright midday, harsh sun",Twilight blue. Combos: SCENE_Cyberpunk_City; MOOD_Melancholic; LIGHTING_Neon_Purple_Pink.,TIME_OF_DAY
TIME_SFW_Dawn,"dawn, early morning light, first light, pale sky, sunrise beginning, soft pink and orange horizon, morning mist","night, dark, midnight",Dawn atmosphere. Combos: MOOD_Serene; SCENE_Mountain_Top; ACTIVITY_Gazing_Horizon.,TIME_OF_DAY
TIME_SFW_Golden_Hour,"golden hour, warm afternoon light, long golden shadows, warm glow, magic hour, late afternoon sun","night, overcast, cold",Golden hour. Combos: SCENE_Beach; SCENE_Mountain_Top; LIGHTING_Golden_Hour_Sunset.,TIME_OF_DAY
TIME_SFW_Midnight,"midnight, deep night, starry sky, full darkness, night atmosphere, moonlit shadows, nocturnal","daytime, sunrise, bright",Deep night. Combos: ARCHETYPE_Witch; ARCHETYPE_Vampire; LIGHTING_Night_Moonlit.,TIME_OF_DAY
VFX_SFW_Bloom_Glow,"(bloom effect:1.2), soft glow, light bloom, glowing highlights, luminous edges, soft luminosity","harsh, no glow, flat",Soft bloom/glow. Combos: ACTIVITY_Magic_Casting; ARCHETYPE_SFW_Angel; LIGHTING_SFW_Volumetric_Rays.,VFX
VFX_SFW_Bokeh,"(bokeh:1.2), depth of field, blurred background, out of focus background, circular bokeh, shallow focus","deep focus, sharp background, flat",Bokeh depth of field. Combos: CAMERA_SFW_Face_Close; LIGHTING_SFW_Soft_Warm; any portrait. Universal.,VFX
VFX_SFW_Chromatic_Aberration,"(chromatic aberration:1.2), color fringing, RGB shift, lens distortion edges, color split effect","clean optics, no distortion",Glitch/lens effect. Combos: OUTFIT_SFW_Cyberpunk; SCENE_SFW_Cyberpunk_City; STYLE_SFW_90s_Retro.,VFX
VFX_SFW_Film_Grain,"(film grain:1.2), grain overlay, analog noise, vintage film texture, grainy photograph look","clean digital, smooth, pristine",Vintage film grain. Combos: STYLE_SFW_90s_Retro; LIGHTING_Dramatic_Shadow; MOOD_Melancholic.,VFX
VFX_SFW_Lens_Flare,"(lens flare:1.2), light flare, anamorphic flare, optical flare, sun flare, light streak","no flare, flat lighting",Lens flare effect. Combos: LIGHTING_SFW_Golden_Hour_Sunset; SCENE_SFW_Beach; TIME_SFW_Golden_Hour.,VFX
VFX_SFW_Vignette,"(vignette:1.1), darkened edges, frame vignette, cinematic vignette, dark corners","bright corners, even exposure",Cinematic vignette. Combos: MOOD_Mysterious; LIGHTING_Dramatic_Shadow; any portrait. Subtle but impactful.,VFX
WEATHER_SFW_Dense_Fog,"(dense fog:1.3), thick mist, foggy atmosphere, obscured background, misty air, fog rolling in, visibility reduced","clear, bright, sharp background",Dense fog for mystery. Combos: SCENE_Forest_Outdoor; MOOD_Mysterious; LIGHTING_Dim_Dark.,WEATHER
WEATHER_SFW_Gentle_Rain,"(gentle rain:1.2), light drizzle, rain drops, soft rain, wet pavement, grey sky, peaceful rain","dry, sunny",Peaceful rainy atmosphere. Combos: MOOD_Melancholic; ACTIVITY_Reading; SCENE_Cafe.,WEATHER
WEATHER_SFW_Heavy_Rain,"(heavy rain:1.3), pouring rain, rain streaks, wet everything, splashing puddles, rain-soaked, rain on surface","dry, sunny, clear sky",Heavy rain atmosphere. Combos: SCENE_Cyberpunk_City; LIGHTING_Neon_Purple_Pink; MOOD_Melancholic.,WEATHER
WEATHER_SFW_Snowstorm,"(snowstorm:1.2), blizzard, heavy snowfall, snow swirling, white-out conditions, blowing snow, icy wind","sunny, warm, clear",Blizzard intensity. Combos: SEASON_Winter_Snow; OUTFIT_SFW_Winter_Coat; MOOD_Fierce. Conflicts: WEATHER_SFW_Heavy_Rain.,WEATHER
WEATHER_SFW_Windy,"(strong wind:1.2), wind effect, wind blowing hair, fabric in wind, leaves swirling, dynamic wind, gusts","still, calm, no movement",Wind dynamics. Combos: ACTIVITY_Gazing_Horizon; SEASON_Autumn_Leaves; ARCHETYPE_SFW_Kunoichi. Adds life to any static scene.,WEATHER
